Sample_ID,Sample,PCR_Replicate,Sample_Control,Sample_Type,Cruise,Jensen_sampleID,Core_Fraction,Barrel_Zone,Barrel_ID,Gear,Site,Site_Area,Dive,Depth,Temperature,Salinity,Oxygen,Bacterial_Halo,Latitude,Longitude,Date,DDT,DDE,DDD,DDMU,DDX,PAHs,PCBs,TOM ,H2O ,Porosity,Sand ,Silt_Clay ,Chla,Phaeo,CPE,TOC,TN,13CVPDB,15NAir,Chla_Phae,Nema_Count
DDT.58.1,DDT.58,1,Sample,DNA,Nautilus,NA124-151AA,0_2,>100Km,40Mile_Bank_Control,Pushcore,40Mile_Bank,40Mile_Bank,H1845,1110.78,3.67,34.5,18.39,No,32.600456,-118.0282766,11/3/20,no.data,no.data,no.data,no.data,no.data,no.data,no.data,no.data,no.data,no.data,no.data,no.data,no.data,no.data,no.data,no.data,no.data,no.data,no.data,no.data,no.data
DDT.59.1,DDT.59,1,Sample,DNA,Nautilus,NA124-151BB,2_4,>100Km,40Mile_Bank_Control,Pushcore,40Mile_Bank,40Mile_Bank,H1845,1110.78,3.67,34.5,18.39,No,32.600456,-118.0282766,11/3/20,no.data,no.data,no.data,no.data,no.data,no.data,no.data,no.data,no.data,no.data,no.data,no.data,no.data,no.data,no.data,no.data,no.data,no.data,no.data,no.data,no.data
DDT.60.1,DDT.60,1,Sample,DNA,Nautilus,NA124-151CC,4_6,>100Km,40Mile_Bank_Control,Pushcore,40Mile_Bank,40Mile_Bank,H1845,1110.78,3.67,34.5,18.39,No,32.600456,-118.0282766,11/3/20,no.data,no.data,no.data,no.data,no.data,no.data,no.data,no.data,no.data,no.data,no.data,no.data,no.data,no.data,no.data,no.data,no.data,no.data,no.data,no.data,no.data
DDT.58.2,DDT.58,2,Sample,DNA,Nautilus,NA124-151AA,0_2,>100Km,40Mile_Bank_Control,Pushcore,40Mile_Bank,40Mile_Bank,H1845,1110.78,3.67,34.5,18.39,No,32.600456,-118.0282766,11/3/20,no.data,no.data,no.data,no.data,no.data,no.data,no.data,no.data,no.data,no.data,no.data,no.data,no.data,no.data,no.data,no.data,no.data,no.data,no.data,no.data,no.data
DDT.59.2,DDT.59,2,Sample,DNA,Nautilus,NA124-151BB,2_4,>100Km,40Mile_Bank_Control,Pushcore,40Mile_Bank,40Mile_Bank,H1845,1110.78,3.67,34.5,18.39,No,32.600456,-118.0282766,11/3/20,no.data,no.data,no.data,no.data,no.data,no.data,no.data,no.data,no.data,no.data,no.data,no.data,no.data,no.data,no.data,no.data,no.data,no.data,no.data,no.data,no.data
DDT.60.2,DDT.60,2,Sample,DNA,Nautilus,NA124-151CC,4_6,>100Km,40Mile_Bank_Control,Pushcore,40Mile_Bank,40Mile_Bank,H1845,1110.78,3.67,34.5,18.39,No,32.600456,-118.0282766,11/3/20,no.data,no.data,no.data,no.data,no.data,no.data,no.data,no.data,no.data,no.data,no.data,no.data,no.data,no.data,no.data,no.data,no.data,no.data,no.data,no.data,no.data
DDT.13.1,DDT.13,1,Sample,DNA,Falkor,SCB-268-A,0_2,>10m,D450_Background,Pushcore,DDT_Barrel_Site_1_North,DDT_Dumpsite_2,S0450,898.68,5.27,34.76,0.47,No,33.577466,-118.435697,8/3/21,15.8,148.9,25,11.1,200.8,525.6,15.04,16,77.2,89.8,3.4,96.6,16.6,136.4,153,4.24,0.44,-22.75,7.74,0.12,1179
DDT.14.1,DDT.14,1,Sample,DNA,Falkor,SCB-268-B,2_4,>10m,D450_Background,Pushcore,DDT_Barrel_Site_1_North,DDT_Dumpsite_2,S0450,898.68,5.27,34.76,0.47,No,33.577466,-118.435697,8/3/21,122,315.1,157.1,83.5,677.7,776.6,20.89,14.4,73.3,87.6,2.9,97.1,14.1,101,115.1,4.3,0.41,-22.72,7.86,0.14,92
DDT.15.1,DDT.15,1,Sample,DNA,Falkor,SCB-268-C,4_6,>10m,D450_Background,Pushcore,DDT_Barrel_Site_1_North,DDT_Dumpsite_2,S0450,898.68,5.27,34.76,0.47,No,33.577466,-118.435697,8/3/21,1.1,12.6,1.9,1.9,17.5,113,1.73,13,66.7,83.8,5.2,94.8,10.9,59.6,70.4,3.8,0.4,-22.4,7.82,0.18,11
DDT.16.1,DDT.16,1,Sample,DNA,Falkor,SCB-268-D,6_8,>10m,D450_Background,Pushcore,DDT_Barrel_Site_1_North,DDT_Dumpsite_2,S0450,898.68,5.27,34.76,0.47,No,33.577466,-118.435697,8/3/21,0,2.9,0,0.4,3.3,26,0,13.6,68.4,84.9,5.7,94.3,9.1,61.9,71,3.97,0.42,-22.24,7.95,0.15,no.data
DDT.33.1,DDT.33,1,Sample,DNA,Falkor,SCB-280-A,0_2,>10m,D450_Background,Pushcore,DDT_Barrel_Site_1_North,DDT_Dumpsite_2,S0450,900.91,5.28,34.77,0.47,No,33.573597,-118.438603,8/3/21,4.8,70.5,7.4,4.7,87.3,538.7,12.35,16.4,75.8,89,5.2,94.8,20.6,151.2,171.7,4.23,0.44,-22.92,7.49,0.14,1179
DDT.34.1,DDT.34,1,Sample,DNA,Falkor,SCB-280-B,2_4,>10m,D450_Background,Pushcore,DDT_Barrel_Site_1_North,DDT_Dumpsite_2,S0450,900.91,5.28,34.77,0.47,No,33.573597,-118.438603,8/3/21,256,587.3,455,106,1404.3,950.6,34.51,14.9,71.5,86.6,8.9,91.1,8.8,199.5,208.3,5.63,0.45,-22.79,7.66,0.04,92
DDT.35.1,DDT.35,1,Sample,DNA,Falkor,SCB-280-C,4_6,>10m,D450_Background,Pushcore,DDT_Barrel_Site_1_North,DDT_Dumpsite_2,S0450,900.91,5.28,34.77,0.47,No,33.573597,-118.438603,8/3/21,6.3,11.2,12.2,2.5,32.2,405.5,0.63,14,71.2,86.5,5,95,13.8,90.2,104,3.84,0.41,-22.62,7.92,0.15,11
DDT.36.1,DDT.36,1,Sample,DNA,Falkor,SCB-280-D,6_8,>10m,D450_Background,Pushcore,DDT_Barrel_Site_1_North,DDT_Dumpsite_2,S0450,900.91,5.28,34.77,0.47,No,33.573597,-118.438603,8/3/21,0,4.8,0,0.5,5.4,55.3,0.28,13,70.8,86.3,3.8,96.2,13.3,83.5,96.8,3.93,0.43,-22.65,8.04,0.16,no.data
DDT.13.2,DDT.13,2,Sample,DNA,Falkor,SCB-268-A,0_2,>10m,D450_Background,Pushcore,DDT_Barrel_Site_1_North,DDT_Dumpsite_2,S0450,898.68,5.27,34.76,0.47,No,33.577466,-118.435697,8/3/21,15.8,148.9,25,11.1,200.8,525.6,15.04,16,77.2,89.8,3.4,96.6,16.6,136.4,153,4.24,0.44,-22.75,7.74,0.12,967
DDT.14.2,DDT.14,2,Sample,DNA,Falkor,SCB-268-B,2_4,>10m,D450_Background,Pushcore,DDT_Barrel_Site_1_North,DDT_Dumpsite_2,S0450,898.68,5.27,34.76,0.47,No,33.577466,-118.435697,8/3/21,122,315.1,157.1,83.5,677.7,776.6,20.89,14.4,73.3,87.6,2.9,97.1,14.1,101,115.1,4.3,0.41,-22.72,7.86,0.14,104
DDT.15.2,DDT.15,2,Sample,DNA,Falkor,SCB-268-C,4_6,>10m,D450_Background,Pushcore,DDT_Barrel_Site_1_North,DDT_Dumpsite_2,S0450,898.68,5.27,34.76,0.47,No,33.577466,-118.435697,8/3/21,1.1,12.6,1.9,1.9,17.5,113,1.73,13,66.7,83.8,5.2,94.8,10.9,59.6,70.4,3.8,0.4,-22.4,7.82,0.18,5
DDT.16.2,DDT.16,2,Sample,DNA,Falkor,SCB-268-D,6_8,>10m,D450_Background,Pushcore,DDT_Barrel_Site_1_North,DDT_Dumpsite_2,S0450,898.68,5.27,34.76,0.47,No,33.577466,-118.435697,8/3/21,0,2.9,0,0.4,3.3,26,0,13.6,68.4,84.9,5.7,94.3,9.1,61.9,71,3.97,0.42,-22.24,7.95,0.15,no.data
DDT.33.2,DDT.33,2,Sample,DNA,Falkor,SCB-280-A,0_2,>10m,D450_Background,Pushcore,DDT_Barrel_Site_1_North,DDT_Dumpsite_2,S0450,900.91,5.28,34.77,0.47,No,33.573597,-118.438603,8/3/21,4.8,70.5,7.4,4.7,87.3,538.7,12.35,16.4,75.8,89,5.2,94.8,20.6,151.2,171.7,4.23,0.44,-22.92,7.49,0.14,967
DDT.34.2,DDT.34,2,Sample,DNA,Falkor,SCB-280-B,2_4,>10m,D450_Background,Pushcore,DDT_Barrel_Site_1_North,DDT_Dumpsite_2,S0450,900.91,5.28,34.77,0.47,No,33.573597,-118.438603,8/3/21,256,587.3,455,106,1404.3,950.6,34.51,14.9,71.5,86.6,8.9,91.1,8.8,199.5,208.3,5.63,0.45,-22.79,7.66,0.04,104
DDT.35.2,DDT.35,2,Sample,DNA,Falkor,SCB-280-C,4_6,>10m,D450_Background,Pushcore,DDT_Barrel_Site_1_North,DDT_Dumpsite_2,S0450,900.91,5.28,34.77,0.47,No,33.573597,-118.438603,8/3/21,6.3,11.2,12.2,2.5,32.2,405.5,0.63,14,71.2,86.5,5,95,13.8,90.2,104,3.84,0.41,-22.62,7.92,0.15,5
DDT.36.2,DDT.36,2,Sample,DNA,Falkor,SCB-280-D,6_8,>10m,D450_Background,Pushcore,DDT_Barrel_Site_1_North,DDT_Dumpsite_2,S0450,900.91,5.28,34.77,0.47,No,33.573597,-118.438603,8/3/21,0,4.8,0,0.5,5.4,55.3,0.28,13,70.8,86.3,3.8,96.2,13.3,83.5,96.8,3.93,0.43,-22.65,8.04,0.16,no.data
DDT.9.1,DDT.9,1,Sample,DNA,Falkor,SCB-266a-A,0_2,0.1m,D450_Barrel_1,Pushcore,DDT_Barrel_Site_1_North,DDT_Dumpsite_2,S0450,899.7,5.27,34.76,0.53,No,33.578066,-118.436235,8/3/21,5.8,50.4,7,5.3,68.5,281.8,6.3,17.6,84.4,93.3,3.13,96.87,20.6,138.8,159.3,3.68,0.4,-22.66,7.9,0.15,1186
DDT.10.1,DDT.10,1,Sample,DNA,Falkor,SCB-266a-B,2_4,0.1m,D450_Barrel_1,Pushcore,DDT_Barrel_Site_1_North,DDT_Dumpsite_2,S0450,899.7,5.27,34.76,0.53,No,33.578066,-118.436235,8/3/21,83.6,186.6,54.8,26.7,351.7,386.1,14.5,16.3,81.1,91.8,6.36,93.64,15.3,99.2,114.5,3.6,0.38,-22.64,7.87,0.15,404
DDT.11.1,DDT.11,1,Sample,DNA,Falkor,SCB-266a-C,4_6,0.1m,D450_Barrel_1,Pushcore,DDT_Barrel_Site_1_North,DDT_Dumpsite_2,S0450,899.7,5.27,34.76,0.53,No,33.578066,-118.436235,8/3/21,4.6,28.4,7.7,3.5,44.1,282.6,0.7,15,74.4,88.3,2.81,97.19,12.2,77.7,89.9,3.61,0.38,-22.58,7.85,0.16,65
DDT.12.1,DDT.12,1,Sample,DNA,Falkor,SCB-266a-D,6_8,0.1m,D450_Barrel_1,Pushcore,DDT_Barrel_Site_1_North,DDT_Dumpsite_2,S0450,899.7,5.27,34.76,0.53,No,33.578066,-118.436235,8/3/21,0,1.3,0,0,1.3,178.4,0,14.4,72.1,87,0.86,99.14,12.5,73.9,86.3,3.63,0.39,-22.53,7.86,0.17,no.data
DDT.9.2,DDT.9,2,Sample,DNA,Falkor,SCB-266a-A,0_2,0.1m,D450_Barrel_1,Pushcore,DDT_Barrel_Site_1_North,DDT_Dumpsite_2,S0450,899.7,5.27,34.76,0.53,No,33.578066,-118.436235,8/3/21,5.8,50.4,7,5.3,68.5,281.8,6.3,17.6,84.4,93.3,3.13,96.87,20.6,138.8,159.3,3.68,0.4,-22.66,7.9,0.15,1186
DDT.10.2,DDT.10,2,Sample,DNA,Falkor,SCB-266a-B,2_4,0.1m,D450_Barrel_1,Pushcore,DDT_Barrel_Site_1_North,DDT_Dumpsite_2,S0450,899.7,5.27,34.76,0.53,No,33.578066,-118.436235,8/3/21,83.6,186.6,54.8,26.7,351.7,386.1,14.5,16.3,81.1,91.8,6.36,93.64,15.3,99.2,114.5,3.6,0.38,-22.64,7.87,0.15,404
DDT.11.2,DDT.11,2,Sample,DNA,Falkor,SCB-266a-C,4_6,0.1m,D450_Barrel_1,Pushcore,DDT_Barrel_Site_1_North,DDT_Dumpsite_2,S0450,899.7,5.27,34.76,0.53,No,33.578066,-118.436235,8/3/21,4.6,28.4,7.7,3.5,44.1,282.6,0.7,15,74.4,88.3,2.81,97.19,12.2,77.7,89.9,3.61,0.38,-22.58,7.85,0.16,65
DDT.12.2,DDT.12,2,Sample,DNA,Falkor,SCB-266a-D,6_8,0.1m,D450_Barrel_1,Pushcore,DDT_Barrel_Site_1_North,DDT_Dumpsite_2,S0450,899.7,5.27,34.76,0.53,No,33.578066,-118.436235,8/3/21,0,1.3,0,0,1.3,178.4,0,14.4,72.1,87,0.86,99.14,12.5,73.9,86.3,3.63,0.39,-22.53,7.86,0.17,no.data
DDT.5.1,DDT.5,1,Sample,DNA,Falkor,SCB-264b-A,0_2,1.0m,D450_Barrel_1,Pushcore,DDT_Barrel_Site_1_North,DDT_Dumpsite_2,S0450,899.79,5.27,34.76,0.58,Yes,33.578036,-118.436221,8/3/21,85.6,59.9,12.4,5.9,163.8,313.2,6.3,16.8,78.2,90.2,3.27,96.73,21.5,122.5,143.9,3.98,0.42,-22.68,7.58,0.18,316
DDT.6.1,DDT.6,1,Sample,DNA,Falkor,SCB-264b-B,2_4,1.0m,D450_Barrel_1,Pushcore,DDT_Barrel_Site_1_North,DDT_Dumpsite_2,S0450,899.79,5.27,34.76,0.58,Yes,33.578036,-118.436221,8/3/21,0,342.8,38.6,51.6,433,719.6,33.6,16.8,76.9,89.6,5.26,94.74,17.5,126.2,143.6,4.04,0.41,-22.69,7.36,0.14,120
DDT.7.1,DDT.7,1,Sample,DNA,Falkor,SCB-264b-C,4_6,1.0m,D450_Barrel_1,Pushcore,DDT_Barrel_Site_1_North,DDT_Dumpsite_2,S0450,899.79,5.27,34.76,0.58,Yes,33.578036,-118.436221,8/3/21,18.4,55.2,24.8,18.6,117,255.9,6.2,14.7,77.7,90,3.1,96.9,14.4,106.5,120.9,3.93,0.41,-22.42,7.93,0.14,22
DDT.8.1,DDT.8,1,Sample,DNA,Falkor,SCB-264b-D,6_8,1.0m,D450_Barrel_1,Pushcore,DDT_Barrel_Site_1_North,DDT_Dumpsite_2,S0450,899.79,5.27,34.76,0.58,Yes,33.578036,-118.436221,8/3/21,0,0.5,0,0,0.5,28.1,0,14.1,67.5,84.3,2.58,97.42,14.1,68.3,82.4,3.96,0.43,-22.35,8.13,0.21,no.data
DDT.5.2,DDT.5,2,Sample,DNA,Falkor,SCB-264b-A,0_2,1.0m,D450_Barrel_1,Pushcore,DDT_Barrel_Site_1_North,DDT_Dumpsite_2,S0450,899.79,5.27,34.76,0.58,Yes,33.578036,-118.436221,8/3/21,85.6,59.9,12.4,5.9,163.8,313.2,6.3,16.8,78.2,90.2,3.27,96.73,21.5,122.5,143.9,3.98,0.42,-22.68,7.58,0.18,316
DDT.6.2,DDT.6,2,Sample,DNA,Falkor,SCB-264b-B,2_4,1.0m,D450_Barrel_1,Pushcore,DDT_Barrel_Site_1_North,DDT_Dumpsite_2,S0450,899.79,5.27,34.76,0.58,Yes,33.578036,-118.436221,8/3/21,0,342.8,38.6,51.6,433,719.6,33.6,16.8,76.9,89.6,5.26,94.74,17.5,126.2,143.6,4.04,0.41,-22.69,7.36,0.14,120
DDT.7.2,DDT.7,2,Sample,DNA,Falkor,SCB-264b-C,4_6,1.0m,D450_Barrel_1,Pushcore,DDT_Barrel_Site_1_North,DDT_Dumpsite_2,S0450,899.79,5.27,34.76,0.58,Yes,33.578036,-118.436221,8/3/21,18.4,55.2,24.8,18.6,117,255.9,6.2,14.7,77.7,90,3.1,96.9,14.4,106.5,120.9,3.93,0.41,-22.42,7.93,0.14,22
DDT.8.2,DDT.8,2,Sample,DNA,Falkor,SCB-264b-D,6_8,1.0m,D450_Barrel_1,Pushcore,DDT_Barrel_Site_1_North,DDT_Dumpsite_2,S0450,899.79,5.27,34.76,0.58,Yes,33.578036,-118.436221,8/3/21,0,0.5,0,0,0.5,28.1,0,14.1,67.5,84.3,2.58,97.42,14.1,68.3,82.4,3.96,0.43,-22.35,8.13,0.21,no.data
DDT.1.1,DDT.1,1,Sample,DNA,Falkor,SCB-260d-A,0_2,5.0m,D450_Barrel_1,Pushcore,DDT_Barrel_Site_1_North,DDT_Dumpsite_2,S0450,899.75,5.27,34.76,0.64,No,33.577936,-118.435873,8/3/21,0,184.4,20.2,16.8,221.3,359.2,17.64,14.2,80.3,91.3,5.45,94.55,18.8,133.1,152,4.14,0.42,-23.17,7.38,0.14,836
DDT.2.1,DDT.2,1,Sample,DNA,Falkor,SCB-260d-B,2_4,5.0m,D450_Barrel_1,Pushcore,DDT_Barrel_Site_1_North,DDT_Dumpsite_2,S0450,899.75,5.27,34.76,0.64,No,33.577936,-118.435873,8/3/21,7.8,320.2,141.6,37.4,507.1,279.6,0.68,12.7,70.5,86.1,3.8,96.2,15.8,100.8,116.6,4.1,0.43,-22.96,7.77,0.16,336
DDT.3.1,DDT.3,1,Sample,DNA,Falkor,SCB-260d-C,4_6,5.0m,D450_Barrel_1,Pushcore,DDT_Barrel_Site_1_North,DDT_Dumpsite_2,S0450,899.75,5.27,34.76,0.64,No,33.577936,-118.435873,8/3/21,0,7.9,0,0,7.9,330.8,0.68,12.3,69.1,85.3,4.35,95.65,14.1,81.8,95.8,3.78,0.4,-23.03,7.7,0.17,38
DDT.4.1,DDT.4,1,Sample,DNA,Falkor,SCB-260d-D,6_8,5.0m,D450_Barrel_1,Pushcore,DDT_Barrel_Site_1_North,DDT_Dumpsite_2,S0450,899.75,5.27,34.76,0.64,No,33.577936,-118.435873,8/3/21,0,0.6,0,0,0.6,32.4,0.06,12.2,62,80.8,2.72,97.28,12.5,70.4,83,3.69,0.4,-22.92,7.85,0.18,no.data
DDT.1.2,DDT.1,2,Sample,DNA,Falkor,SCB-260d-A,0_2,5.0m,D450_Barrel_1,Pushcore,DDT_Barrel_Site_1_North,DDT_Dumpsite_2,S0450,899.75,5.27,34.76,0.64,No,33.577936,-118.435873,8/3/21,0,184.4,20.2,16.8,221.3,359.2,17.64,14.2,80.3,91.3,5.45,94.55,18.8,133.1,152,4.14,0.42,-23.17,7.38,0.14,836
DDT.2.2,DDT.2,2,Sample,DNA,Falkor,SCB-260d-B,2_4,5.0m,D450_Barrel_1,Pushcore,DDT_Barrel_Site_1_North,DDT_Dumpsite_2,S0450,899.75,5.27,34.76,0.64,No,33.577936,-118.435873,8/3/21,7.8,320.2,141.6,37.4,507.1,279.6,0.68,12.7,70.5,86.1,3.8,96.2,15.8,100.8,116.6,4.1,0.43,-22.96,7.77,0.16,336
DDT.3.2,DDT.3,2,Sample,DNA,Falkor,SCB-260d-C,4_6,5.0m,D450_Barrel_1,Pushcore,DDT_Barrel_Site_1_North,DDT_Dumpsite_2,S0450,899.75,5.27,34.76,0.64,No,33.577936,-118.435873,8/3/21,0,7.9,0,0,7.9,330.8,0.68,12.3,69.1,85.3,4.35,95.65,14.1,81.8,95.8,3.78,0.4,-23.03,7.7,0.17,38
DDT.4.2,DDT.4,2,Sample,DNA,Falkor,SCB-260d-D,6_8,5.0m,D450_Barrel_1,Pushcore,DDT_Barrel_Site_1_North,DDT_Dumpsite_2,S0450,899.75,5.27,34.76,0.64,No,33.577936,-118.435873,8/3/21,0,0.6,0,0,0.6,32.4,0.06,12.2,62,80.8,2.72,97.28,12.5,70.4,83,3.69,0.4,-22.92,7.85,0.18,no.data
DDT.29.1,DDT.29,1,Sample,DNA,Falkor,SCB-276a-A,0_2,0.1m,D450_Barrel_2,Pushcore,DDT_Barrel_Site_1_North,DDT_Dumpsite_2,S0450,900.54,5.28,34.76,0.31,No,33.573972,-118.438123,8/3/21,0,60.5,7.5,4.8,72.9,206.2,8.24,17,83.1,92.7,6.7,93.3,18.9,126.6,145.5,3.49,0.38,-22.43,8.06,0.15,15
DDT.30.1,DDT.30,1,Sample,DNA,Falkor,SCB-276a-B,2_4,0.1m,D450_Barrel_2,Pushcore,DDT_Barrel_Site_1_North,DDT_Dumpsite_2,S0450,900.54,5.28,34.76,0.31,No,33.573972,-118.438123,8/3/21,0,618.7,58.8,109,786.5,365.8,44.7,15.3,81.3,91.8,9.3,90.7,12.7,96.9,109.6,3.43,0.34,-22.3,7.86,0.13,15
DDT.31.1,DDT.31,1,Sample,DNA,Falkor,SCB-276a-C,4_6,0.1m,D450_Barrel_2,Pushcore,DDT_Barrel_Site_1_North,DDT_Dumpsite_2,S0450,900.54,5.28,34.76,0.31,No,33.573972,-118.438123,8/3/21,129.1,151.2,252.5,27.3,560.1,312.2,0.8,13.5,75,88.6,5,95,4.7,114.5,119.2,4.22,0.39,-22.41,8.12,0.04,16
DDT.32.1,DDT.32,1,Sample,DNA,Falkor,SCB-276a-D,6_8,0.1m,D450_Barrel_2,Pushcore,DDT_Barrel_Site_1_North,DDT_Dumpsite_2,S0450,900.54,5.28,34.76,0.31,No,33.573972,-118.438123,8/3/21,0,0.6,0,0,0.6,32.1,0.14,12.7,68.5,84.9,3,97,10.9,66.1,76.9,3.85,0.42,-22.57,8.29,0.16,no.data
DDT.29.2,DDT.29,2,Sample,DNA,Falkor,SCB-276a-A,0_2,0.1m,D450_Barrel_2,Pushcore,DDT_Barrel_Site_1_North,DDT_Dumpsite_2,S0450,900.54,5.28,34.76,0.31,No,33.573972,-118.438123,8/3/21,0,60.5,7.5,4.8,72.9,206.2,8.24,17,83.1,92.7,6.7,93.3,18.9,126.6,145.5,3.49,0.38,-22.43,8.06,0.15,15
DDT.30.2,DDT.30,2,Sample,DNA,Falkor,SCB-276a-B,2_4,0.1m,D450_Barrel_2,Pushcore,DDT_Barrel_Site_1_North,DDT_Dumpsite_2,S0450,900.54,5.28,34.76,0.31,No,33.573972,-118.438123,8/3/21,0,618.7,58.8,109,786.5,365.8,44.7,15.3,81.3,91.8,9.3,90.7,12.7,96.9,109.6,3.43,0.34,-22.3,7.86,0.13,15
DDT.31.2,DDT.31,2,Sample,DNA,Falkor,SCB-276a-C,4_6,0.1m,D450_Barrel_2,Pushcore,DDT_Barrel_Site_1_North,DDT_Dumpsite_2,S0450,900.54,5.28,34.76,0.31,No,33.573972,-118.438123,8/3/21,129.1,151.2,252.5,27.3,560.1,312.2,0.8,13.5,75,88.6,5,95,4.7,114.5,119.2,4.22,0.39,-22.41,8.12,0.04,16
DDT.32.2,DDT.32,2,Sample,DNA,Falkor,SCB-276a-D,6_8,0.1m,D450_Barrel_2,Pushcore,DDT_Barrel_Site_1_North,DDT_Dumpsite_2,S0450,900.54,5.28,34.76,0.31,No,33.573972,-118.438123,8/3/21,0,0.6,0,0,0.6,32.1,0.14,12.7,68.5,84.9,3,97,10.9,66.1,76.9,3.85,0.42,-22.57,8.29,0.16,no.data
DDT.25.1,DDT.25,1,Sample,DNA,Falkor,SCB-274b-A,0_2,1.0m,D450_Barrel_2,Pushcore,DDT_Barrel_Site_1_North,DDT_Dumpsite_2,S0450,900.61,5.29,34.76,0.5,Yes,33.573968,-118.438061,8/3/21,0,96.3,9.6,6,111.9,325.9,9.94,15.6,79,90.7,2.9,97.1,23.3,128.5,151.8,4.06,0.42,-22.78,7.56,0.18,952
DDT.26.1,DDT.26,1,Sample,DNA,Falkor,SCB-274b-B,2_4,1.0m,D450_Barrel_2,Pushcore,DDT_Barrel_Site_1_North,DDT_Dumpsite_2,S0450,900.61,5.29,34.76,0.5,Yes,33.573968,-118.438061,8/3/21,64.7,589.7,108.6,48.2,811.2,531.4,35.54,13.7,70.1,85.9,5.2,94.8,16.5,86.3,102.8,3.92,0.42,-22.36,8.07,0.19,99
DDT.27.1,DDT.27,1,Sample,DNA,Falkor,SCB-274b-C,4_6,1.0m,D450_Barrel_2,Pushcore,DDT_Barrel_Site_1_North,DDT_Dumpsite_2,S0450,900.61,5.29,34.76,0.5,Yes,33.573968,-118.438061,8/3/21,0.6,8.7,1.5,0,10.8,180.9,0.29,13,63.5,81.8,2.5,97.5,12.7,73.1,85.7,3.82,0.41,-22.59,7.96,0.17,12
DDT.28.1,DDT.28,1,Sample,DNA,Falkor,SCB-274b-D,6_8,1.0m,D450_Barrel_2,Pushcore,DDT_Barrel_Site_1_North,DDT_Dumpsite_2,S0450,900.61,5.29,34.76,0.5,Yes,33.573968,-118.438061,8/3/21,0,1.3,0,0,1.3,158.9,0.17,13.2,66.9,83.9,3.3,96.7,12.3,70.7,83,3.67,0.4,-22.43,7.98,0.17,no.data
DDT.25.2,DDT.25,2,Sample,DNA,Falkor,SCB-274b-A,0_2,1.0m,D450_Barrel_2,Pushcore,DDT_Barrel_Site_1_North,DDT_Dumpsite_2,S0450,900.61,5.29,34.76,0.5,Yes,33.573968,-118.438061,8/3/21,0,96.3,9.6,6,111.9,325.9,9.94,15.6,79,90.7,2.9,97.1,23.3,128.5,151.8,4.06,0.42,-22.78,7.56,0.18,952
DDT.26.2,DDT.26,2,Sample,DNA,Falkor,SCB-274b-B,2_4,1.0m,D450_Barrel_2,Pushcore,DDT_Barrel_Site_1_North,DDT_Dumpsite_2,S0450,900.61,5.29,34.76,0.5,Yes,33.573968,-118.438061,8/3/21,64.7,589.7,108.6,48.2,811.2,531.4,35.54,13.7,70.1,85.9,5.2,94.8,16.5,86.3,102.8,3.92,0.42,-22.36,8.07,0.19,99
DDT.27.2,DDT.27,2,Sample,DNA,Falkor,SCB-274b-C,4_6,1.0m,D450_Barrel_2,Pushcore,DDT_Barrel_Site_1_North,DDT_Dumpsite_2,S0450,900.61,5.29,34.76,0.5,Yes,33.573968,-118.438061,8/3/21,0.6,8.7,1.5,0,10.8,180.9,0.29,13,63.5,81.8,2.5,97.5,12.7,73.1,85.7,3.82,0.41,-22.59,7.96,0.17,12
DDT.28.2,DDT.28,2,Sample,DNA,Falkor,SCB-274b-D,6_8,1.0m,D450_Barrel_2,Pushcore,DDT_Barrel_Site_1_North,DDT_Dumpsite_2,S0450,900.61,5.29,34.76,0.5,Yes,33.573968,-118.438061,8/3/21,0,1.3,0,0,1.3,158.9,0.17,13.2,66.9,83.9,3.3,96.7,12.3,70.7,83,3.67,0.4,-22.43,7.98,0.17,no.data
DDT.21.1,DDT.21,1,Sample,DNA,Falkor,SCB-272c-A,0_2,3.0m,D450_Barrel_2,Pushcore,DDT_Barrel_Site_1_North,DDT_Dumpsite_2,S0450,900.64,5.27,34.76,0.48,No,33.573972,-118.438052,8/3/21,1.7,75.4,10.3,5.9,93.4,277.8,9.55,16.5,80.7,91.5,2.7,97.3,23,132.6,155.6,4.16,0.44,-22.93,7.67,0.17,769
DDT.22.1,DDT.22,1,Sample,DNA,Falkor,SCB-272c-B,2_4,3.0m,D450_Barrel_2,Pushcore,DDT_Barrel_Site_1_North,DDT_Dumpsite_2,S0450,900.64,5.27,34.76,0.48,No,33.573972,-118.438052,8/3/21,42.6,369.4,56.5,55.9,524.4,594.6,33.66,14.9,77.4,89.9,4.5,95.5,20.5,118.4,139,4.35,0.43,-22.9,7.52,0.17,134
DDT.23.1,DDT.23,1,Sample,DNA,Falkor,SCB-272c-C,4_6,3.0m,D450_Barrel_2,Pushcore,DDT_Barrel_Site_1_North,DDT_Dumpsite_2,S0450,900.64,5.27,34.76,0.48,No,33.573972,-118.438052,8/3/21,3.7,20,8.2,4.3,36.2,148.7,0.46,13.1,70.4,86,2.6,97.4,14.3,75,89.4,3.89,0.42,-22.77,8.01,0.19,18
DDT.24.1,DDT.24,1,Sample,DNA,Falkor,SCB-272c-D,6_8,3.0m,D450_Barrel_2,Pushcore,DDT_Barrel_Site_1_North,DDT_Dumpsite_2,S0450,900.64,5.27,34.76,0.48,No,33.573972,-118.438052,8/3/21,0,5.1,0,0.6,5.6,48.2,0.12,13.4,69.9,85.7,2.9,97.1,15.1,65.4,80.5,3.96,0.43,-22.42,8.17,0.23,no.data
DDT.21.2,DDT.21,2,Sample,DNA,Falkor,SCB-272c-A,0_2,3.0m,D450_Barrel_2,Pushcore,DDT_Barrel_Site_1_North,DDT_Dumpsite_2,S0450,900.64,5.27,34.76,0.48,No,33.573972,-118.438052,8/3/21,1.7,75.4,10.3,5.9,93.4,277.8,9.55,16.5,80.7,91.5,2.7,97.3,23,132.6,155.6,4.16,0.44,-22.93,7.67,0.17,769
DDT.22.2,DDT.22,2,Sample,DNA,Falkor,SCB-272c-B,2_4,3.0m,D450_Barrel_2,Pushcore,DDT_Barrel_Site_1_North,DDT_Dumpsite_2,S0450,900.64,5.27,34.76,0.48,No,33.573972,-118.438052,8/3/21,42.6,369.4,56.5,55.9,524.4,594.6,33.66,14.9,77.4,89.9,4.5,95.5,20.5,118.4,139,4.35,0.43,-22.9,7.52,0.17,134
DDT.23.2,DDT.23,2,Sample,DNA,Falkor,SCB-272c-C,4_6,3.0m,D450_Barrel_2,Pushcore,DDT_Barrel_Site_1_North,DDT_Dumpsite_2,S0450,900.64,5.27,34.76,0.48,No,33.573972,-118.438052,8/3/21,3.7,20,8.2,4.3,36.2,148.7,0.46,13.1,70.4,86,2.6,97.4,14.3,75,89.4,3.89,0.42,-22.77,8.01,0.19,18
DDT.24.2,DDT.24,2,Sample,DNA,Falkor,SCB-272c-D,6_8,3.0m,D450_Barrel_2,Pushcore,DDT_Barrel_Site_1_North,DDT_Dumpsite_2,S0450,900.64,5.27,34.76,0.48,No,33.573972,-118.438052,8/3/21,0,5.1,0,0.6,5.6,48.2,0.12,13.4,69.9,85.7,2.9,97.1,15.1,65.4,80.5,3.96,0.43,-22.42,8.17,0.23,no.data
DDT.17.1,DDT.17,1,Sample,DNA,Falkor,SCB-270d-A,0_2,5.0m,D450_Barrel_2,Pushcore,DDT_Barrel_Site_1_North,DDT_Dumpsite_2,S0450,900.61,5.3,34.75,0.48,No,33.573882,-118.437833,8/3/21,13.9,190.2,26.5,31.7,262.3,789.5,31.87,15.2,77,89.6,4.9,95.1,26,137.8,163.8,4.3,0.44,-22.69,7.57,0.19,1291
DDT.18.1,DDT.18,1,Sample,DNA,Falkor,SCB-270d-B,2_4,5.0m,D450_Barrel_2,Pushcore,DDT_Barrel_Site_1_North,DDT_Dumpsite_2,S0450,900.61,5.3,34.75,0.48,No,33.573882,-118.437833,8/3/21,161,644,269.2,131,1205.2,789.5,69.32,14.5,71.5,86.6,3.9,96.1,20.9,125.3,146.2,4.45,0.44,-22.64,7.77,0.17,85
DDT.19.1,DDT.19,1,Sample,DNA,Falkor,SCB-270d-C,4_6,5.0m,D450_Barrel_2,Pushcore,DDT_Barrel_Site_1_North,DDT_Dumpsite_2,S0450,900.61,5.3,34.75,0.48,No,33.573882,-118.437833,8/3/21,5.2,7,9.4,1.5,23.1,400.1,0.74,13,68.4,84.8,2.4,97.6,13,77.2,90.2,3.77,0.4,-22.74,7.81,0.17,17
DDT.20.1,DDT.20,1,Sample,DNA,Falkor,SCB-270d-D,6_8,5.0m,D450_Barrel_2,Pushcore,DDT_Barrel_Site_1_North,DDT_Dumpsite_2,S0450,900.61,5.3,34.75,0.48,No,33.573882,-118.437833,8/3/21,0,1.8,0,0,1.8,197,0,12.7,65.8,83.3,2.1,97.9,13.1,65.5,78.6,3.81,0.41,-22.72,8.18,0.2,no.data
DDT.17.2,DDT.17,2,Sample,DNA,Falkor,SCB-270d-A,0_2,5.0m,D450_Barrel_2,Pushcore,DDT_Barrel_Site_1_North,DDT_Dumpsite_2,S0450,900.61,5.3,34.75,0.48,No,33.573882,-118.437833,8/3/21,13.9,190.2,26.5,31.7,262.3,789.5,31.87,15.2,77,89.6,4.9,95.1,26,137.8,163.8,4.3,0.44,-22.69,7.57,0.19,1291
DDT.18.2,DDT.18,2,Sample,DNA,Falkor,SCB-270d-B,2_4,5.0m,D450_Barrel_2,Pushcore,DDT_Barrel_Site_1_North,DDT_Dumpsite_2,S0450,900.61,5.3,34.75,0.48,No,33.573882,-118.437833,8/3/21,161,644,269.2,131,1205.2,789.5,69.32,14.5,71.5,86.6,3.9,96.1,20.9,125.3,146.2,4.45,0.44,-22.64,7.77,0.17,85
DDT.19.2,DDT.19,2,Sample,DNA,Falkor,SCB-270d-C,4_6,5.0m,D450_Barrel_2,Pushcore,DDT_Barrel_Site_1_North,DDT_Dumpsite_2,S0450,900.61,5.3,34.75,0.48,No,33.573882,-118.437833,8/3/21,5.2,7,9.4,1.5,23.1,400.1,0.74,13,68.4,84.8,2.4,97.6,13,77.2,90.2,3.77,0.4,-22.74,7.81,0.17,17
DDT.20.2,DDT.20,2,Sample,DNA,Falkor,SCB-270d-D,6_8,5.0m,D450_Barrel_2,Pushcore,DDT_Barrel_Site_1_North,DDT_Dumpsite_2,S0450,900.61,5.3,34.75,0.48,No,33.573882,-118.437833,8/3/21,0,1.8,0,0,1.8,197,0,12.7,65.8,83.3,2.1,97.9,13.1,65.5,78.6,3.81,0.41,-22.72,8.18,0.2,no.data
DDT.S.1.1,DDT.S.1,1,Sample,DNA,Falkor,SCB-304-A,0_2,>10m,D451_Background,Pushcore,DDT_Barrel_Site_2_South,DDT_Dumpsite_2,S0451,901.28,5.26,34.76,0.33,No,33.566969,-118.427071,8/4/21,0.7,15.7,0,2.2,18.6,39.5,0.4,17.9,79.8,91.1,1.98,98.02,22.7,153.2,175.9,4.37,0.45,-22.82,7.68,0.15,1313
DDT.S.2.1,DDT.S.2,1,Sample,DNA,Falkor,SCB-304-B,2_4,>10m,D451_Background,Pushcore,DDT_Barrel_Site_2_South,DDT_Dumpsite_2,S0451,901.28,5.26,34.76,0.33,No,33.566969,-118.427071,8/4/21,4.8,166.6,20,21.6,213,799.4,17.8,17,74.2,88.2,4,96,18.6,117.4,135.9,4.14,0.42,-22.84,7.57,0.16,208
DDT.S.3.1,DDT.S.3,1,Sample,DNA,Falkor,SCB-304-C,4_6,>10m,D451_Background,Pushcore,DDT_Barrel_Site_2_South,DDT_Dumpsite_2,S0451,901.28,5.26,34.76,0.33,No,33.566969,-118.427071,8/4/21,0,2.1,0,0,2.1,290.6,0.6,14.4,69.8,85.6,4.44,95.56,10.7,90.6,101.3,3.85,0.42,-22.77,7.9,0.12,15
DDT.S.4.1,DDT.S.4,1,Sample,DNA,Falkor,SCB-304-D,6_8,>10m,D451_Background,Pushcore,DDT_Barrel_Site_2_South,DDT_Dumpsite_2,S0451,901.28,5.26,34.76,0.33,No,33.566969,-118.427071,8/4/21,0.4,0.8,0,0,1.2,39.2,1.4,15,71.2,86.5,1.3,98.7,10.7,67.2,78,3.95,0.43,-22.62,8.07,0.16,no.data
DDT.S.1.2,DDT.S.1,2,Sample,DNA,Falkor,SCB-304-A,0_2,>10m,D451_Background,Pushcore,DDT_Barrel_Site_2_South,DDT_Dumpsite_2,S0451,901.28,5.26,34.76,0.33,No,33.566969,-118.427071,8/4/21,0.7,15.7,0,2.2,18.6,39.5,0.4,17.9,79.8,91.1,1.98,98.02,22.7,153.2,175.9,4.37,0.45,-22.82,7.68,0.15,1313
DDT.S.2.2,DDT.S.2,2,Sample,DNA,Falkor,SCB-304-B,2_4,>10m,D451_Background,Pushcore,DDT_Barrel_Site_2_South,DDT_Dumpsite_2,S0451,901.28,5.26,34.76,0.33,No,33.566969,-118.427071,8/4/21,4.8,166.6,20,21.6,213,799.4,17.8,17,74.2,88.2,4,96,18.6,117.4,135.9,4.14,0.42,-22.84,7.57,0.16,208
DDT.S.3.2,DDT.S.3,2,Sample,DNA,Falkor,SCB-304-C,4_6,>10m,D451_Background,Pushcore,DDT_Barrel_Site_2_South,DDT_Dumpsite_2,S0451,901.28,5.26,34.76,0.33,No,33.566969,-118.427071,8/4/21,0,2.1,0,0,2.1,290.6,0.6,14.4,69.8,85.6,4.44,95.56,10.7,90.6,101.3,3.85,0.42,-22.77,7.9,0.12,15
DDT.S.4.2,DDT.S.4,2,Sample,DNA,Falkor,SCB-304-D,6_8,>10m,D451_Background,Pushcore,DDT_Barrel_Site_2_South,DDT_Dumpsite_2,S0451,901.28,5.26,34.76,0.33,No,33.566969,-118.427071,8/4/21,0.4,0.8,0,0,1.2,39.2,1.4,15,71.2,86.5,1.3,98.7,10.7,67.2,78,3.95,0.43,-22.62,8.07,0.16,no.data
DDT.84.1,DDT.84,1,Sample,DNA,Falkor,SCB-292b-A,0_2,1.0m,D451_Barrel_1,Pushcore,DDT_Barrel_Site_2_South,DDT_Dumpsite_2,S0451,901.03,5.26,34.76,0.44,Yes,33.567036,-118.425671,8/4/21,0,82.5,8.5,10.3,101.2,609.4,5.4,16.6,73,87.5,2.68,97.32,12.1,50.8,62.9,3.42,0.37,-22.68,7.89,0.24,3486
DDT.85.1,DDT.85,1,Sample,DNA,Falkor,SCB-292b-B,2_4,1.0m,D451_Barrel_1,Pushcore,DDT_Barrel_Site_2_South,DDT_Dumpsite_2,S0451,901.03,5.26,34.76,0.44,Yes,33.567036,-118.425671,8/4/21,0,494.8,30.4,106,631.2,678,21,17.5,65,82.8,5,95,16.6,62.7,79.3,3.71,0.37,-22.29,7.95,0.27,30
DDT.86.1,DDT.86,1,Sample,DNA,Falkor,SCB-292b-C,4_6,1.0m,D451_Barrel_1,Pushcore,DDT_Barrel_Site_2_South,DDT_Dumpsite_2,S0451,901.03,5.26,34.76,0.44,Yes,33.567036,-118.425671,8/4/21,4.2,5.9,0,0,10.1,679.6,1.1,17,65.1,82.8,3.54,96.46,17.2,47.5,64.7,3.68,0.37,-22.43,7.86,0.36,2
DDT.87.1,DDT.87,1,Sample,DNA,Falkor,SCB-292b-D,6_8,1.0m,D451_Barrel_1,Pushcore,DDT_Barrel_Site_2_South,DDT_Dumpsite_2,S0451,901.03,5.26,34.76,0.44,Yes,33.567036,-118.425671,8/4/21,0,0.4,0,0,0.4,153.9,0.3,13.5,63.7,82,1.96,98.04,11.2,51.4,62.5,3.45,0.35,-22.35,8.04,0.22,no.data
DDT.84.2,DDT.84,2,Sample,DNA,Falkor,SCB-292b-A,0_2,1.0m,D451_Barrel_1,Pushcore,DDT_Barrel_Site_2_South,DDT_Dumpsite_2,S0451,901.03,5.26,34.76,0.44,Yes,33.567036,-118.425671,8/4/21,0,82.5,8.5,10.3,101.2,609.4,5.4,16.6,73,87.5,2.68,97.32,12.1,50.8,62.9,3.42,0.37,-22.68,7.89,0.24,3486
DDT.85.2,DDT.85,2,Sample,DNA,Falkor,SCB-292b-B,2_4,1.0m,D451_Barrel_1,Pushcore,DDT_Barrel_Site_2_South,DDT_Dumpsite_2,S0451,901.03,5.26,34.76,0.44,Yes,33.567036,-118.425671,8/4/21,0,494.8,30.4,106,631.2,678,21,17.5,65,82.8,5,95,16.6,62.7,79.3,3.71,0.37,-22.29,7.95,0.27,30
DDT.86.2,DDT.86,2,Sample,DNA,Falkor,SCB-292b-C,4_6,1.0m,D451_Barrel_1,Pushcore,DDT_Barrel_Site_2_South,DDT_Dumpsite_2,S0451,901.03,5.26,34.76,0.44,Yes,33.567036,-118.425671,8/4/21,4.2,5.9,0,0,10.1,679.6,1.1,17,65.1,82.8,3.54,96.46,17.2,47.5,64.7,3.68,0.37,-22.43,7.86,0.36,2
DDT.87.2,DDT.87,2,Sample,DNA,Falkor,SCB-292b-D,6_8,1.0m,D451_Barrel_1,Pushcore,DDT_Barrel_Site_2_South,DDT_Dumpsite_2,S0451,901.03,5.26,34.76,0.44,Yes,33.567036,-118.425671,8/4/21,0,0.4,0,0,0.4,153.9,0.3,13.5,63.7,82,1.96,98.04,11.2,51.4,62.5,3.45,0.35,-22.35,8.04,0.22,no.data
DDT.80.1,DDT.80,1,Sample,DNA,Falkor,SCB-290c-A,0_2,3.0m,D451_Barrel_1,Pushcore,DDT_Barrel_Site_2_South,DDT_Dumpsite_2,S0451,901.13,5.26,34.76,0.47,No,33.567037,-118.425659,8/4/21,10.6,67.8,0,5,83.4,583.8,12,16.9,75.2,88.7,2.16,97.84,22.3,126.3,148.6,4.15,0.43,-22.57,7.49,0.18,3052
DDT.81.1,DDT.81,1,Sample,DNA,Falkor,SCB-290c-B,2_4,3.0m,D451_Barrel_1,Pushcore,DDT_Barrel_Site_2_South,DDT_Dumpsite_2,S0451,901.13,5.26,34.76,0.47,No,33.567037,-118.425659,8/4/21,0,45,2.3,3.9,51.2,313.4,5.5,15.5,69.5,85.5,2.2,97.8,14.1,93.7,107.9,3.92,0.41,-22.72,7.34,0.15,213
DDT.82.1,DDT.82,1,Sample,DNA,Falkor,SCB-290c-C,4_6,3.0m,D451_Barrel_1,Pushcore,DDT_Barrel_Site_2_South,DDT_Dumpsite_2,S0451,901.13,5.26,34.76,0.47,No,33.567037,-118.425659,8/4/21,119.8,347.1,39.8,61.1,567.8,819.9,25.4,15.7,75.2,88.7,5.5,94.5,16,112.4,128.5,4.26,0.42,-22.23,7.75,0.14,12
DDT.83.1,DDT.83,1,Sample,DNA,Falkor,SCB-290c-D,6_8,3.0m,D451_Barrel_1,Pushcore,DDT_Barrel_Site_2_South,DDT_Dumpsite_2,S0451,901.13,5.26,34.76,0.47,No,33.567037,-118.425659,8/4/21,0,3.2,0,0,3.2,192.1,0,12.8,68.7,85,1.01,98.99,14.3,65.9,80.2,3.77,0.41,-22.76,7.9,0.22,no.data
DDT.80.2,DDT.80,2,Sample,DNA,Falkor,SCB-290c-A,0_2,3.0m,D451_Barrel_1,Pushcore,DDT_Barrel_Site_2_South,DDT_Dumpsite_2,S0451,901.13,5.26,34.76,0.47,No,33.567037,-118.425659,8/4/21,10.6,67.8,0,5,83.4,583.8,12,16.9,75.2,88.7,2.16,97.84,22.3,126.3,148.6,4.15,0.43,-22.57,7.49,0.18,3052
DDT.81.2,DDT.81,2,Sample,DNA,Falkor,SCB-290c-B,2_4,3.0m,D451_Barrel_1,Pushcore,DDT_Barrel_Site_2_South,DDT_Dumpsite_2,S0451,901.13,5.26,34.76,0.47,No,33.567037,-118.425659,8/4/21,0,45,2.3,3.9,51.2,313.4,5.5,15.5,69.5,85.5,2.2,97.8,14.1,93.7,107.9,3.92,0.41,-22.72,7.34,0.15,213
DDT.82.2,DDT.82,2,Sample,DNA,Falkor,SCB-290c-C,4_6,3.0m,D451_Barrel_1,Pushcore,DDT_Barrel_Site_2_South,DDT_Dumpsite_2,S0451,901.13,5.26,34.76,0.47,No,33.567037,-118.425659,8/4/21,119.8,347.1,39.8,61.1,567.8,819.9,25.4,15.7,75.2,88.7,5.5,94.5,16,112.4,128.5,4.26,0.42,-22.23,7.75,0.14,12
DDT.83.2,DDT.83,2,Sample,DNA,Falkor,SCB-290c-D,6_8,3.0m,D451_Barrel_1,Pushcore,DDT_Barrel_Site_2_South,DDT_Dumpsite_2,S0451,901.13,5.26,34.76,0.47,No,33.567037,-118.425659,8/4/21,0,3.2,0,0,3.2,192.1,0,12.8,68.7,85,1.01,98.99,14.3,65.9,80.2,3.77,0.41,-22.76,7.9,0.22,no.data
DDT.37.1,DDT.37,1,Sample,DNA,Falkor,SCB-288d-A,0_2,5.0m,D451_Barrel_1,Pushcore,DDT_Barrel_Site_2_South,DDT_Dumpsite_2,S0451,901.2,5.28,34.76,0.63,No,33.567011,-118.425702,8/4/21,0,79.7,7.4,12.4,99.5,483.7,6.5,17.8,78.1,90.2,2.8,97.2,29.6,111.3,141,4.89,0.52,-22.62,7.74,0.27,1085
DDT.38.1,DDT.38,1,Sample,DNA,Falkor,SCB-288d-B,2_4,5.0m,D451_Barrel_1,Pushcore,DDT_Barrel_Site_2_South,DDT_Dumpsite_2,S0451,901.2,5.28,34.76,0.63,No,33.567011,-118.425702,8/4/21,0,61.8,6.2,8.9,76.8,317,5.6,17.5,76.7,89.5,2.25,97.75,23.1,104.2,127.3,3.91,0.41,-22.83,7.37,0.22,183
DDT.39.1,DDT.39,1,Sample,DNA,Falkor,SCB-288d-C,4_6,5.0m,D451_Barrel_1,Pushcore,DDT_Barrel_Site_2_South,DDT_Dumpsite_2,S0451,901.2,5.28,34.76,0.63,No,33.567011,-118.425702,8/4/21,0,354.7,108.1,149,611.8,827.8,23.5,17,73,87.5,3.8,96.2,21.9,119.7,141.6,4.3,0.43,-22.34,7.51,0.18,8
DDT.40.1,DDT.40,1,Sample,DNA,Falkor,SCB-288d-D,6_8,5.0m,D451_Barrel_1,Pushcore,DDT_Barrel_Site_2_South,DDT_Dumpsite_2,S0451,901.2,5.28,34.76,0.63,No,33.567011,-118.425702,8/4/21,0,1.4,0,0,1.4,145.4,0.3,14.1,69.3,85.4,2.14,97.86,13.6,72.7,86.3,3.74,0.4,-22.49,7.9,0.19,no.data
DDT.37.2,DDT.37,2,Sample,DNA,Falkor,SCB-288d-A,0_2,5.0m,D451_Barrel_1,Pushcore,DDT_Barrel_Site_2_South,DDT_Dumpsite_2,S0451,901.2,5.28,34.76,0.63,No,33.567011,-118.425702,8/4/21,0,79.7,7.4,12.4,99.5,483.7,6.5,17.8,78.1,90.2,2.8,97.2,29.6,111.3,141,4.89,0.52,-22.62,7.74,0.27,1085
DDT.38.2,DDT.38,2,Sample,DNA,Falkor,SCB-288d-B,2_4,5.0m,D451_Barrel_1,Pushcore,DDT_Barrel_Site_2_South,DDT_Dumpsite_2,S0451,901.2,5.28,34.76,0.63,No,33.567011,-118.425702,8/4/21,0,61.8,6.2,8.9,76.8,317,5.6,17.5,76.7,89.5,2.25,97.75,23.1,104.2,127.3,3.91,0.41,-22.83,7.37,0.22,183
DDT.39.2,DDT.39,2,Sample,DNA,Falkor,SCB-288d-C,4_6,5.0m,D451_Barrel_1,Pushcore,DDT_Barrel_Site_2_South,DDT_Dumpsite_2,S0451,901.2,5.28,34.76,0.63,No,33.567011,-118.425702,8/4/21,0,354.7,108.1,149,611.8,827.8,23.5,17,73,87.5,3.8,96.2,21.9,119.7,141.6,4.3,0.43,-22.34,7.51,0.18,8
DDT.40.2,DDT.40,2,Sample,DNA,Falkor,SCB-288d-D,6_8,5.0m,D451_Barrel_1,Pushcore,DDT_Barrel_Site_2_South,DDT_Dumpsite_2,S0451,901.2,5.28,34.76,0.63,No,33.567011,-118.425702,8/4/21,0,1.4,0,0,1.4,145.4,0.3,14.1,69.3,85.4,2.14,97.86,13.6,72.7,86.3,3.74,0.4,-22.49,7.9,0.19,no.data
DDT.92.1,DDT.92,1,Sample,DNA,Falkor,SCB-300b-A,0_2,1.0m,D451_Barrel_2,Pushcore,DDT_Barrel_Site_2_South,DDT_Dumpsite_2,S0451,901.28,5.28,34.76,0.39,Yes,33.566826,-118.426288,8/4/21,0,34.4,4.4,6.7,45.5,220.3,2.4,17.4,78.5,90.4,1.98,98.02,30.7,137.1,167.8,4.44,0.49,-22.76,7.46,0.22,1590
DDT.93.1,DDT.93,1,Sample,DNA,Falkor,SCB-300b-B,2_4,1.0m,D451_Barrel_2,Pushcore,DDT_Barrel_Site_2_South,DDT_Dumpsite_2,S0451,901.28,5.28,34.76,0.39,Yes,33.566826,-118.426288,8/4/21,0,196.7,0,25.7,222.4,390.3,9.9,20.3,63.1,81.6,8.76,91.24,13.4,61.6,75,3.68,0.37,-22.34,8.04,0.22,0
DDT.94.1,DDT.94,1,Sample,DNA,Falkor,SCB-300b-C,4_6,1.0m,D451_Barrel_2,Pushcore,DDT_Barrel_Site_2_South,DDT_Dumpsite_2,S0451,901.28,5.28,34.76,0.39,Yes,33.566826,-118.426288,8/4/21,0,129.4,0,18.7,148.1,449.6,6.4,17.9,70.6,86.1,5.13,94.87,12.9,45.3,58.2,3.36,0.34,-22.27,8,0.28,1
DDT.95.1,DDT.95,1,Sample,DNA,Falkor,SCB-300b-D,6_8,1.0m,D451_Barrel_2,Pushcore,DDT_Barrel_Site_2_South,DDT_Dumpsite_2,S0451,901.28,5.28,34.76,0.39,Yes,33.566826,-118.426288,8/4/21,0,15.7,0,5.1,20.8,279.8,1,15.3,65.3,82.9,0.95,99.05,14.8,48.2,63,3.21,0.32,-22.57,7.92,0.31,no.data
DDT.92.2,DDT.92,2,Sample,DNA,Falkor,SCB-300b-A,0_2,1.0m,D451_Barrel_2,Pushcore,DDT_Barrel_Site_2_South,DDT_Dumpsite_2,S0451,901.28,5.28,34.76,0.39,Yes,33.566826,-118.426288,8/4/21,0,34.4,4.4,6.7,45.5,220.3,2.4,17.4,78.5,90.4,1.98,98.02,30.7,137.1,167.8,4.44,0.49,-22.76,7.46,0.22,1590
DDT.93.2,DDT.93,2,Sample,DNA,Falkor,SCB-300b-B,2_4,1.0m,D451_Barrel_2,Pushcore,DDT_Barrel_Site_2_South,DDT_Dumpsite_2,S0451,901.28,5.28,34.76,0.39,Yes,33.566826,-118.426288,8/4/21,0,196.7,0,25.7,222.4,390.3,9.9,20.3,63.1,81.6,8.76,91.24,13.4,61.6,75,3.68,0.37,-22.34,8.04,0.22,0
DDT.94.2,DDT.94,2,Sample,DNA,Falkor,SCB-300b-C,4_6,1.0m,D451_Barrel_2,Pushcore,DDT_Barrel_Site_2_South,DDT_Dumpsite_2,S0451,901.28,5.28,34.76,0.39,Yes,33.566826,-118.426288,8/4/21,0,129.4,0,18.7,148.1,449.6,6.4,17.9,70.6,86.1,5.13,94.87,12.9,45.3,58.2,3.36,0.34,-22.27,8,0.28,1
DDT.95.2,DDT.95,2,Sample,DNA,Falkor,SCB-300b-D,6_8,1.0m,D451_Barrel_2,Pushcore,DDT_Barrel_Site_2_South,DDT_Dumpsite_2,S0451,901.28,5.28,34.76,0.39,Yes,33.566826,-118.426288,8/4/21,0,15.7,0,5.1,20.8,279.8,1,15.3,65.3,82.9,0.95,99.05,14.8,48.2,63,3.21,0.32,-22.57,7.92,0.31,no.data
DDT.88.1,DDT.88,1,Sample,DNA,Falkor,SCB-298c-A,0_2,3.0m,D451_Barrel_2,Pushcore,DDT_Barrel_Site_2_South,DDT_Dumpsite_2,S0451,901.29,5.29,34.76,0.37,No,33.56686,-118.426134,8/4/21,7.4,32.3,3.8,4.1,47.6,340.7,3.5,16.9,80.5,91.4,3.33,96.67,22.7,148.4,171.1,4.14,0.44,-22.72,7.73,0.15,790
DDT.89.1,DDT.89,1,Sample,DNA,Falkor,SCB-298c-B,2_4,3.0m,D451_Barrel_2,Pushcore,DDT_Barrel_Site_2_South,DDT_Dumpsite_2,S0451,901.29,5.29,34.76,0.37,No,33.56686,-118.426134,8/4/21,15.7,197,23.1,19.4,255.2,662.3,15.3,16,74.6,88.4,4.85,95.15,22.8,107.8,130.6,3.93,0.4,-22.71,7.3,0.21,152
DDT.90.1,DDT.90,1,Sample,DNA,Falkor,SCB-298c-C,4_6,3.0m,D451_Barrel_2,Pushcore,DDT_Barrel_Site_2_South,DDT_Dumpsite_2,S0451,901.29,5.29,34.76,0.37,No,33.56686,-118.426134,8/4/21,31.8,203,67.6,30.8,333.2,750,19.1,15.1,79.7,91,4.17,95.83,14.9,80.9,95.8,3.77,0.39,-22.68,7.93,0.18,1
DDT.91.1,DDT.91,1,Sample,DNA,Falkor,SCB-298c-D,6_8,3.0m,D451_Barrel_2,Pushcore,DDT_Barrel_Site_2_South,DDT_Dumpsite_2,S0451,901.29,5.29,34.76,0.37,No,33.56686,-118.426134,8/4/21,0,1.4,0.7,0,2.1,54.3,0.4,13.9,69.2,85.3,1.98,98.02,12.1,58.6,70.7,3.75,0.41,-22.43,8.16,0.21,no.data
DDT.88.2,DDT.88,2,Sample,DNA,Falkor,SCB-298c-A,0_2,3.0m,D451_Barrel_2,Pushcore,DDT_Barrel_Site_2_South,DDT_Dumpsite_2,S0451,901.29,5.29,34.76,0.37,No,33.56686,-118.426134,8/4/21,7.4,32.3,3.8,4.1,47.6,340.7,3.5,16.9,80.5,91.4,3.33,96.67,22.7,148.4,171.1,4.14,0.44,-22.72,7.73,0.15,790
DDT.89.2,DDT.89,2,Sample,DNA,Falkor,SCB-298c-B,2_4,3.0m,D451_Barrel_2,Pushcore,DDT_Barrel_Site_2_South,DDT_Dumpsite_2,S0451,901.29,5.29,34.76,0.37,No,33.56686,-118.426134,8/4/21,15.7,197,23.1,19.4,255.2,662.3,15.3,16,74.6,88.4,4.85,95.15,22.8,107.8,130.6,3.93,0.4,-22.71,7.3,0.21,152
DDT.90.2,DDT.90,2,Sample,DNA,Falkor,SCB-298c-C,4_6,3.0m,D451_Barrel_2,Pushcore,DDT_Barrel_Site_2_South,DDT_Dumpsite_2,S0451,901.29,5.29,34.76,0.37,No,33.56686,-118.426134,8/4/21,31.8,203,67.6,30.8,333.2,750,19.1,15.1,79.7,91,4.17,95.83,14.9,80.9,95.8,3.77,0.39,-22.68,7.93,0.18,1
DDT.91.2,DDT.91,2,Sample,DNA,Falkor,SCB-298c-D,6_8,3.0m,D451_Barrel_2,Pushcore,DDT_Barrel_Site_2_South,DDT_Dumpsite_2,S0451,901.29,5.29,34.76,0.37,No,33.56686,-118.426134,8/4/21,0,1.4,0.7,0,2.1,54.3,0.4,13.9,69.2,85.3,1.98,98.02,12.1,58.6,70.7,3.75,0.41,-22.43,8.16,0.21,no.data
DDT.41.1,DDT.41,1,Sample,DNA,Falkor,SCB-296d-A,0_2,5.0m,D451_Barrel_2,Pushcore,DDT_Barrel_Site_2_South,DDT_Dumpsite_2,S0451,901.3,5.27,34.79,0.37,No,33.567001,-118.425826,8/4/21,0,66.5,12.2,7.9,86.7,320,4.461,17.8,74,88,2.03,97.97,22.6,148.7,171.4,4.21,0.44,-22.7,7.53,0.15,1016
DDT.42.1,DDT.42,1,Sample,DNA,Falkor,SCB-296d-B,2_4,5.0m,D451_Barrel_2,Pushcore,DDT_Barrel_Site_2_South,DDT_Dumpsite_2,S0451,901.3,5.27,34.79,0.37,No,33.567001,-118.425826,8/4/21,0,256.5,25.8,38.1,320.4,450.7,15.3,17.2,72.5,87.2,3.21,96.79,18.8,119.9,138.7,4.28,0.43,-22.73,7.33,0.16,79
DDT.43.1,DDT.43,1,Sample,DNA,Falkor,SCB-296d-C,4_6,5.0m,D451_Barrel_2,Pushcore,DDT_Barrel_Site_2_South,DDT_Dumpsite_2,S0451,901.3,5.27,34.79,0.37,No,33.567001,-118.425826,8/4/21,0,508.3,466,44.2,1018.5,378.4,2.9,16.3,69.9,85.7,2.41,97.59,12.3,94.4,106.7,4.02,0.42,-22.47,7.74,0.13,8
DDT.44.1,DDT.44,1,Sample,DNA,Falkor,SCB-296d-D,6_8,5.0m,D451_Barrel_2,Pushcore,DDT_Barrel_Site_2_South,DDT_Dumpsite_2,S0451,901.3,5.27,34.79,0.37,No,33.567001,-118.425826,8/4/21,0,1.4,0,0,1.4,147.3,0.3,14.4,64.1,82.2,2.45,97.55,12.6,58.7,71.3,3.65,0.39,-22.63,7.87,0.21,no.data
DDT.41.2,DDT.41,2,Sample,DNA,Falkor,SCB-296d-A,0_2,5.0m,D451_Barrel_2,Pushcore,DDT_Barrel_Site_2_South,DDT_Dumpsite_2,S0451,901.3,5.27,34.79,0.37,No,33.567001,-118.425826,8/4/21,0,66.5,12.2,7.9,86.7,320,4.461,17.8,74,88,2.03,97.97,22.6,148.7,171.4,4.21,0.44,-22.7,7.53,0.15,1016
DDT.42.2,DDT.42,2,Sample,DNA,Falkor,SCB-296d-B,2_4,5.0m,D451_Barrel_2,Pushcore,DDT_Barrel_Site_2_South,DDT_Dumpsite_2,S0451,901.3,5.27,34.79,0.37,No,33.567001,-118.425826,8/4/21,0,256.5,25.8,38.1,320.4,450.7,15.3,17.2,72.5,87.2,3.21,96.79,18.8,119.9,138.7,4.28,0.43,-22.73,7.33,0.16,79
DDT.43.2,DDT.43,2,Sample,DNA,Falkor,SCB-296d-C,4_6,5.0m,D451_Barrel_2,Pushcore,DDT_Barrel_Site_2_South,DDT_Dumpsite_2,S0451,901.3,5.27,34.79,0.37,No,33.567001,-118.425826,8/4/21,0,508.3,466,44.2,1018.5,378.4,2.9,16.3,69.9,85.7,2.41,97.59,12.3,94.4,106.7,4.02,0.42,-22.47,7.74,0.13,8
DDT.44.2,DDT.44,2,Sample,DNA,Falkor,SCB-296d-D,6_8,5.0m,D451_Barrel_2,Pushcore,DDT_Barrel_Site_2_South,DDT_Dumpsite_2,S0451,901.3,5.27,34.79,0.37,No,33.567001,-118.425826,8/4/21,0,1.4,0,0,1.4,147.3,0.3,14.4,64.1,82.2,2.45,97.55,12.6,58.7,71.3,3.65,0.39,-22.63,7.87,0.21,no.data
DDT.53.1,DDT.53,1,Sample,DNA,Falkor,SCB-310b-A,0_2,1.0m,D451_Barrel_3,Pushcore,DDT_Barrel_Site_2_South,DDT_Dumpsite_2,S0451,901.41,5.27,34.76,0.34,Yes,33.566983,-118.427392,8/4/21,1.2,23.3,2.8,2.2,29.5,413.1,2.5,18.4,74.4,88.3,3.2,96.8,15,72.1,87.1,4.09,0.44,-22.45,7.85,0.21,1109
DDT.54.1,DDT.54,1,Sample,DNA,Falkor,SCB-310b-B,2_4,1.0m,D451_Barrel_3,Pushcore,DDT_Barrel_Site_2_South,DDT_Dumpsite_2,S0451,901.41,5.27,34.76,0.34,Yes,33.566983,-118.427392,8/4/21,0,7.1,0,0.6,7.7,91.5,1.2,14.1,65.3,82.9,2.75,97.25,15.4,53.1,68.4,3.85,0.4,-22.36,7.93,0.29,13
DDT.53.2,DDT.53,2,Sample,DNA,Falkor,SCB-310b-A,0_2,1.0m,D451_Barrel_3,Pushcore,DDT_Barrel_Site_2_South,DDT_Dumpsite_2,S0451,901.41,5.27,34.76,0.34,Yes,33.566983,-118.427392,8/4/21,1.2,23.3,2.8,2.2,29.5,413.1,2.5,18.4,74.4,88.3,3.2,96.8,15,72.1,87.1,4.09,0.44,-22.45,7.85,0.21,1109
DDT.54.2,DDT.54,2,Sample,DNA,Falkor,SCB-310b-B,2_4,1.0m,D451_Barrel_3,Pushcore,DDT_Barrel_Site_2_South,DDT_Dumpsite_2,S0451,901.41,5.27,34.76,0.34,Yes,33.566983,-118.427392,8/4/21,0,7.1,0,0.6,7.7,91.5,1.2,14.1,65.3,82.9,2.75,97.25,15.4,53.1,68.4,3.85,0.4,-22.36,7.93,0.29,13
DDT.49.1,DDT.49,1,Sample,DNA,Falkor,SCB-308c-A,0_2,3.0m,D451_Barrel_3,Pushcore,DDT_Barrel_Site_2_South,DDT_Dumpsite_2,S0451,901.42,5.27,34.76,0.39,No,33.566994,-118.427394,8/4/21,6.9,91.1,7.1,8.4,113.5,678.9,12.2,17.5,76.5,89.4,4.64,95.36,18.8,132.4,151.2,4.24,0.44,-22.81,7.42,0.14,1366
DDT.50.1,DDT.50,1,Sample,DNA,Falkor,SCB-308c-B,2_4,3.0m,D451_Barrel_3,Pushcore,DDT_Barrel_Site_2_South,DDT_Dumpsite_2,S0451,901.42,5.27,34.76,0.39,No,33.566994,-118.427394,8/4/21,0,446.2,145,56.6,647.8,792.3,38.3,17.7,72.7,87.3,6.11,93.89,14.8,152.8,167.6,5.7,0.46,-23.37,7.56,0.1,586
DDT.51.1,DDT.51,1,Sample,DNA,Falkor,SCB-308c-C,4_6,3.0m,D451_Barrel_3,Pushcore,DDT_Barrel_Site_2_South,DDT_Dumpsite_2,S0451,901.42,5.27,34.76,0.39,No,33.566994,-118.427394,8/4/21,385,438.3,362.6,98,1283.9,597.1,23.8,15.8,70.2,85.9,3.16,96.84,12.3,103.9,116.2,4.03,0.42,-22.64,7.79,0.12,79
DDT.52.1,DDT.52,1,Sample,DNA,Falkor,SCB-308c-D,6_8,3.0m,D451_Barrel_3,Pushcore,DDT_Barrel_Site_2_South,DDT_Dumpsite_2,S0451,901.42,5.27,34.76,0.39,No,33.566994,-118.427394,8/4/21,0,0.4,0,0,0.4,53.6,0,14.5,70.6,86.1,2.53,97.47,9.8,67.2,77,3.95,0.43,-22.63,8.02,0.15,no.data
DDT.49.2,DDT.49,2,Sample,DNA,Falkor,SCB-308c-A,0_2,3.0m,D451_Barrel_3,Pushcore,DDT_Barrel_Site_2_South,DDT_Dumpsite_2,S0451,901.42,5.27,34.76,0.39,No,33.566994,-118.427394,8/4/21,6.9,91.1,7.1,8.4,113.5,678.9,12.2,17.5,76.5,89.4,4.64,95.36,18.8,132.4,151.2,4.24,0.44,-22.81,7.42,0.14,1366
DDT.50.2,DDT.50,2,Sample,DNA,Falkor,SCB-308c-B,2_4,3.0m,D451_Barrel_3,Pushcore,DDT_Barrel_Site_2_South,DDT_Dumpsite_2,S0451,901.42,5.27,34.76,0.39,No,33.566994,-118.427394,8/4/21,0,446.2,145,56.6,647.8,792.3,38.3,17.7,72.7,87.3,6.11,93.89,14.8,152.8,167.6,5.7,0.46,-23.37,7.56,0.1,586
DDT.51.2,DDT.51,2,Sample,DNA,Falkor,SCB-308c-C,4_6,3.0m,D451_Barrel_3,Pushcore,DDT_Barrel_Site_2_South,DDT_Dumpsite_2,S0451,901.42,5.27,34.76,0.39,No,33.566994,-118.427394,8/4/21,385,438.3,362.6,98,1283.9,597.1,23.8,15.8,70.2,85.9,3.16,96.84,12.3,103.9,116.2,4.03,0.42,-22.64,7.79,0.12,79
DDT.52.2,DDT.52,2,Sample,DNA,Falkor,SCB-308c-D,6_8,3.0m,D451_Barrel_3,Pushcore,DDT_Barrel_Site_2_South,DDT_Dumpsite_2,S0451,901.42,5.27,34.76,0.39,No,33.566994,-118.427394,8/4/21,0,0.4,0,0,0.4,53.6,0,14.5,70.6,86.1,2.53,97.47,9.8,67.2,77,3.95,0.43,-22.63,8.02,0.15,no.data
DDT.45.1,DDT.45,1,Sample,DNA,Falkor,SCB-306d-A,0_2,5.0m,D451_Barrel_3,Pushcore,DDT_Barrel_Site_2_South,DDT_Dumpsite_2,S0451,901.36,5.28,34.76,0.35,No,33.566972,-118.427429,8/4/21,18.7,83.9,12.6,7.9,123.1,347.3,10.2,17.9,78,90.2,3.23,96.77,20.1,156.9,177,4.21,0.45,-22.86,7.7,0.13,1389
DDT.46.1,DDT.46,1,Sample,DNA,Falkor,SCB-306d-B,2_4,5.0m,D451_Barrel_3,Pushcore,DDT_Barrel_Site_2_South,DDT_Dumpsite_2,S0451,901.36,5.28,34.76,0.35,No,33.566972,-118.427429,8/4/21,4.5,354.5,42.1,35.8,436.9,518.8,33,17.1,75.4,88.8,3.19,96.81,16.2,130.1,146.3,4.29,0.43,-22.94,7.4,0.12,63
DDT.47.1,DDT.47,1,Sample,DNA,Falkor,SCB-306d-C,4_6,5.0m,D451_Barrel_3,Pushcore,DDT_Barrel_Site_2_South,DDT_Dumpsite_2,S0451,901.36,5.28,34.76,0.35,No,33.566972,-118.427429,8/4/21,51,286.3,211.3,43.8,592.4,542.5,9.4,16.2,70.3,86,3.88,96.12,12.5,91.6,104.1,3.95,0.42,-22.6,7.87,0.14,18
DDT.48.1,DDT.48,1,Sample,DNA,Falkor,SCB-306d-D,6_8,5.0m,D451_Barrel_3,Pushcore,DDT_Barrel_Site_2_South,DDT_Dumpsite_2,S0451,901.36,5.28,34.76,0.35,No,33.566972,-118.427429,8/4/21,0,8.4,1.2,0.5,10.1,96.5,0.5,14.4,68.9,85.2,2.61,97.39,10.9,73.2,84.1,3.77,0.41,-22.73,7.89,0.15,no.data
DDT.45.2,DDT.45,2,Sample,DNA,Falkor,SCB-306d-A,0_2,5.0m,D451_Barrel_3,Pushcore,DDT_Barrel_Site_2_South,DDT_Dumpsite_2,S0451,901.36,5.28,34.76,0.35,No,33.566972,-118.427429,8/4/21,18.7,83.9,12.6,7.9,123.1,347.3,10.2,17.9,78,90.2,3.23,96.77,20.1,156.9,177,4.21,0.45,-22.86,7.7,0.13,1389
DDT.46.2,DDT.46,2,Sample,DNA,Falkor,SCB-306d-B,2_4,5.0m,D451_Barrel_3,Pushcore,DDT_Barrel_Site_2_South,DDT_Dumpsite_2,S0451,901.36,5.28,34.76,0.35,No,33.566972,-118.427429,8/4/21,4.5,354.5,42.1,35.8,436.9,518.8,33,17.1,75.4,88.8,3.19,96.81,16.2,130.1,146.3,4.29,0.43,-22.94,7.4,0.12,63
DDT.47.2,DDT.47,2,Sample,DNA,Falkor,SCB-306d-C,4_6,5.0m,D451_Barrel_3,Pushcore,DDT_Barrel_Site_2_South,DDT_Dumpsite_2,S0451,901.36,5.28,34.76,0.35,No,33.566972,-118.427429,8/4/21,51,286.3,211.3,43.8,592.4,542.5,9.4,16.2,70.3,86,3.88,96.12,12.5,91.6,104.1,3.95,0.42,-22.6,7.87,0.14,18
DDT.48.2,DDT.48,2,Sample,DNA,Falkor,SCB-306d-D,6_8,5.0m,D451_Barrel_3,Pushcore,DDT_Barrel_Site_2_South,DDT_Dumpsite_2,S0451,901.36,5.28,34.76,0.35,No,33.566972,-118.427429,8/4/21,0,8.4,1.2,0.5,10.1,96.5,0.5,14.4,68.9,85.2,2.61,97.39,10.9,73.2,84.1,3.77,0.41,-22.73,7.89,0.15,no.data
DDT.61.1,DDT.61,1,Sample,DNA,Falkor,SCB-243AA,0_2,>40Km,Lasuen_Knoll_Control,Pushcore,Lasuen_Knoll,Lasuen_Knoll,S0449,320.08,7.97,34.54,50.23,No,33.390705,-118.00776,8/2/21,no.data,no.data,no.data,no.data,no.data,no.data,no.data,no.data,no.data,no.data,no.data,no.data,no.data,no.data,no.data,no.data,no.data,no.data,no.data,no.data,no.data
DDT.62.1,DDT.62,1,Sample,DNA,Falkor,SCB-243BB,2_4,>40Km,Lasuen_Knoll_Control,Pushcore,Lasuen_Knoll,Lasuen_Knoll,S0449,320.08,7.97,34.54,50.23,No,33.390705,-118.00776,8/2/21,no.data,no.data,no.data,no.data,no.data,no.data,no.data,no.data,no.data,no.data,no.data,no.data,no.data,no.data,no.data,no.data,no.data,no.data,no.data,no.data,no.data
DDT.63.1,DDT.63,1,Sample,DNA,Falkor,SCB-243CC,4_6,>40Km,Lasuen_Knoll_Control,Pushcore,Lasuen_Knoll,Lasuen_Knoll,S0449,320.08,7.97,34.54,50.23,No,33.390705,-118.00776,8/2/21,no.data,no.data,no.data,no.data,no.data,no.data,no.data,no.data,no.data,no.data,no.data,no.data,no.data,no.data,no.data,no.data,no.data,no.data,no.data,no.data,no.data
DDT.61.2,DDT.61,2,Sample,DNA,Falkor,SCB-243AA,0_2,>40Km,Lasuen_Knoll_Control,Pushcore,Lasuen_Knoll,Lasuen_Knoll,S0449,320.08,7.97,34.54,50.23,No,33.390705,-118.00776,8/2/21,no.data,no.data,no.data,no.data,no.data,no.data,no.data,no.data,no.data,no.data,no.data,no.data,no.data,no.data,no.data,no.data,no.data,no.data,no.data,no.data,no.data
DDT.62.2,DDT.62,2,Sample,DNA,Falkor,SCB-243BB,2_4,>40Km,Lasuen_Knoll_Control,Pushcore,Lasuen_Knoll,Lasuen_Knoll,S0449,320.08,7.97,34.54,50.23,No,33.390705,-118.00776,8/2/21,no.data,no.data,no.data,no.data,no.data,no.data,no.data,no.data,no.data,no.data,no.data,no.data,no.data,no.data,no.data,no.data,no.data,no.data,no.data,no.data,no.data
DDT.63.2,DDT.63,2,Sample,DNA,Falkor,SCB-243CC,4_6,>40Km,Lasuen_Knoll_Control,Pushcore,Lasuen_Knoll,Lasuen_Knoll,S0449,320.08,7.97,34.54,50.23,No,33.390705,-118.00776,8/2/21,no.data,no.data,no.data,no.data,no.data,no.data,no.data,no.data,no.data,no.data,no.data,no.data,no.data,no.data,no.data,no.data,no.data,no.data,no.data,no.data,no.data
DDT.96.1,DDT.96,1,Control,Blank,no.data,no.data,no.data,no.data,no.data,no.data,no.data,no.data,no.data,no.data,no.data,no.data,no.data,no.data,no.data,no.data,no.data,no.data,no.data,no.data,no.data,no.data,no.data,no.data,no.data,no.data,no.data,no.data,no.data,no.data,no.data,no.data,no.data,no.data,no.data,no.data,no.data,no.data
DDT.96.2,DDT.96,2,Control,Blank,no.data,no.data,no.data,no.data,no.data,no.data,no.data,no.data,no.data,no.data,no.data,no.data,no.data,no.data,no.data,no.data,no.data,no.data,no.data,no.data,no.data,no.data,no.data,no.data,no.data,no.data,no.data,no.data,no.data,no.data,no.data,no.data,no.data,no.data,no.data,no.data,no.data,no.data
DDT.NC.1.1,DDT.NC,1,Control,NegCtrl,no.data,no.data,no.data,no.data,no.data,no.data,no.data,no.data,no.data,no.data,no.data,no.data,no.data,no.data,no.data,no.data,no.data,no.data,no.data,no.data,no.data,no.data,no.data,no.data,no.data,no.data,no.data,no.data,no.data,no.data,no.data,no.data,no.data,no.data,no.data,no.data,no.data,no.data
DDT.NC.1.2,DDT.NC,2,Control,NegCtrl,no.data,no.data,no.data,no.data,no.data,no.data,no.data,no.data,no.data,no.data,no.data,no.data,no.data,no.data,no.data,no.data,no.data,no.data,no.data,no.data,no.data,no.data,no.data,no.data,no.data,no.data,no.data,no.data,no.data,no.data,no.data,no.data,no.data,no.data,no.data,no.data,no.data,no.data
DDT.NC.2.3,DDT.NC,3,Control,NegCtrl,no.data,no.data,no.data,no.data,no.data,no.data,no.data,no.data,no.data,no.data,no.data,no.data,no.data,no.data,no.data,no.data,no.data,no.data,no.data,no.data,no.data,no.data,no.data,no.data,no.data,no.data,no.data,no.data,no.data,no.data,no.data,no.data,no.data,no.data,no.data,no.data,no.data,no.data
DDT.NC.2.4,DDT.NC,4,Control,NegCtrl,no.data,no.data,no.data,no.data,no.data,no.data,no.data,no.data,no.data,no.data,no.data,no.data,no.data,no.data,no.data,no.data,no.data,no.data,no.data,no.data,no.data,no.data,no.data,no.data,no.data,no.data,no.data,no.data,no.data,no.data,no.data,no.data,no.data,no.data,no.data,no.data,no.data,no.data
DDT.PC.1.1,DDT.PC,1,Sample,PosCtrl,no.data,no.data,no.data,no.data,no.data,no.data,no.data,no.data,no.data,no.data,no.data,no.data,no.data,no.data,no.data,no.data,no.data,no.data,no.data,no.data,no.data,no.data,no.data,no.data,no.data,no.data,no.data,no.data,no.data,no.data,no.data,no.data,no.data,no.data,no.data,no.data,no.data,no.data
DDT.PC.1.2,DDT.PC,2,Sample,PosCtrl,no.data,no.data,no.data,no.data,no.data,no.data,no.data,no.data,no.data,no.data,no.data,no.data,no.data,no.data,no.data,no.data,no.data,no.data,no.data,no.data,no.data,no.data,no.data,no.data,no.data,no.data,no.data,no.data,no.data,no.data,no.data,no.data,no.data,no.data,no.data,no.data,no.data,no.data
DDT.PC.2.3,DDT.PC,3,Sample,PosCtrl,no.data,no.data,no.data,no.data,no.data,no.data,no.data,no.data,no.data,no.data,no.data,no.data,no.data,no.data,no.data,no.data,no.data,no.data,no.data,no.data,no.data,no.data,no.data,no.data,no.data,no.data,no.data,no.data,no.data,no.data,no.data,no.data,no.data,no.data,no.data,no.data,no.data,no.data
DDT.PC.2.4,DDT.PC,4,Sample,PosCtrl,no.data,no.data,no.data,no.data,no.data,no.data,no.data,no.data,no.data,no.data,no.data,no.data,no.data,no.data,no.data,no.data,no.data,no.data,no.data,no.data,no.data,no.data,no.data,no.data,no.data,no.data,no.data,no.data,no.data,no.data,no.data,no.data,no.data,no.data,no.data,no.data,no.data,no.data
DDT.55.1,DDT.55,1,Sample,DNA,Nautilus,NA124-129AA,0_2,>100Km,Patton_Ridge_Control,Pushcore,Patton_Ridge_South,Patton_Ridge_South,H1844,635.87,5.38,34.34,3.13,No,32.73861202,-120.0183184,11/2/20,no.data,no.data,no.data,no.data,no.data,no.data,no.data,no.data,no.data,no.data,no.data,no.data,no.data,no.data,no.data,no.data,no.data,no.data,no.data,no.data,no.data
DDT.56.1,DDT.56,1,Sample,DNA,Nautilus,NA124-129BB,2_4,>100Km,Patton_Ridge_Control,Pushcore,Patton_Ridge_South,Patton_Ridge_South,H1844,635.87,5.38,34.34,3.13,No,32.73861202,-120.0183184,11/2/20,no.data,no.data,no.data,no.data,no.data,no.data,no.data,no.data,no.data,no.data,no.data,no.data,no.data,no.data,no.data,no.data,no.data,no.data,no.data,no.data,no.data
DDT.57.1,DDT.57,1,Sample,DNA,Nautilus,NA124-129CC,4_6,>100Km,Patton_Ridge_Control,Pushcore,Patton_Ridge_South,Patton_Ridge_South,H1844,635.87,5.38,34.34,3.13,No,32.73861202,-120.0183184,11/2/20,no.data,no.data,no.data,no.data,no.data,no.data,no.data,no.data,no.data,no.data,no.data,no.data,no.data,no.data,no.data,no.data,no.data,no.data,no.data,no.data,no.data
DDT.55.2,DDT.55,2,Sample,DNA,Nautilus,NA124-129AA,0_2,>100Km,Patton_Ridge_Control,Pushcore,Patton_Ridge_South,Patton_Ridge_South,H1844,635.87,5.38,34.34,3.13,No,32.73861202,-120.0183184,11/2/20,no.data,no.data,no.data,no.data,no.data,no.data,no.data,no.data,no.data,no.data,no.data,no.data,no.data,no.data,no.data,no.data,no.data,no.data,no.data,no.data,no.data
DDT.56.2,DDT.56,2,Sample,DNA,Nautilus,NA124-129BB,2_4,>100Km,Patton_Ridge_Control,Pushcore,Patton_Ridge_South,Patton_Ridge_South,H1844,635.87,5.38,34.34,3.13,No,32.73861202,-120.0183184,11/2/20,no.data,no.data,no.data,no.data,no.data,no.data,no.data,no.data,no.data,no.data,no.data,no.data,no.data,no.data,no.data,no.data,no.data,no.data,no.data,no.data,no.data
DDT.57.2,DDT.57,2,Sample,DNA,Nautilus,NA124-129CC,4_6,>100Km,Patton_Ridge_Control,Pushcore,Patton_Ridge_South,Patton_Ridge_South,H1844,635.87,5.38,34.34,3.13,No,32.73861202,-120.0183184,11/2/20,no.data,no.data,no.data,no.data,no.data,no.data,no.data,no.data,no.data,no.data,no.data,no.data,no.data,no.data,no.data,no.data,no.data,no.data,no.data,no.data,no.data
DDT.64.1,DDT.64,1,Sample,DNA,MAS2023,SC23-1-A,0_2,>100Km,SD_Trough_Control,Multicore,San_Diego_Trough,San_Diego_Trough,SC23,828,NA,NA,NA,No,32.781389,-117.550556,7/22/23,no.data,no.data,no.data,no.data,no.data,no.data,no.data,no.data,no.data,no.data,no.data,no.data,no.data,no.data,no.data,no.data,no.data,no.data,no.data,no.data,no.data
DDT.65.1,DDT.65,1,Sample,DNA,MAS2023,SC23-1-B,2_4,>100Km,SD_Trough_Control,Multicore,San_Diego_Trough,San_Diego_Trough,SC23,828,NA,NA,NA,No,32.781389,-117.550556,7/22/23,no.data,no.data,no.data,no.data,no.data,no.data,no.data,no.data,no.data,no.data,no.data,no.data,no.data,no.data,no.data,no.data,no.data,no.data,no.data,no.data,no.data
DDT.66.1,DDT.66,1,Sample,DNA,MAS2023,SC23-1-C,4_6,>100Km,SD_Trough_Control,Multicore,San_Diego_Trough,San_Diego_Trough,SC23,828,NA,NA,NA,No,32.781389,-117.550556,7/22/23,no.data,no.data,no.data,no.data,no.data,no.data,no.data,no.data,no.data,no.data,no.data,no.data,no.data,no.data,no.data,no.data,no.data,no.data,no.data,no.data,no.data
DDT.67.1,DDT.67,1,Sample,DNA,MAS2023,SC23-1-D,6_8,>100Km,SD_Trough_Control,Multicore,San_Diego_Trough,San_Diego_Trough,SC23,828,NA,NA,NA,No,32.781389,-117.550556,7/22/23,no.data,no.data,no.data,no.data,no.data,no.data,no.data,no.data,no.data,no.data,no.data,no.data,no.data,no.data,no.data,no.data,no.data,no.data,no.data,no.data,no.data
DDT.68.1,DDT.68,1,Sample,DNA,MAS2023,SC23-2-A,0_2,>100Km,SD_Trough_Control,Multicore,San_Diego_Trough,San_Diego_Trough,SC23,828,NA,NA,NA,No,32.781389,-117.550556,7/22/23,no.data,no.data,no.data,no.data,no.data,no.data,no.data,no.data,no.data,no.data,no.data,no.data,no.data,no.data,no.data,no.data,no.data,no.data,no.data,no.data,no.data
DDT.69.1,DDT.69,1,Sample,DNA,MAS2023,SC23-2-B,2_4,>100Km,SD_Trough_Control,Multicore,San_Diego_Trough,San_Diego_Trough,SC23,828,NA,NA,NA,No,32.781389,-117.550556,7/22/23,no.data,no.data,no.data,no.data,no.data,no.data,no.data,no.data,no.data,no.data,no.data,no.data,no.data,no.data,no.data,no.data,no.data,no.data,no.data,no.data,no.data
DDT.70.1,DDT.70,1,Sample,DNA,MAS2023,SC23-2-C,4_6,>100Km,SD_Trough_Control,Multicore,San_Diego_Trough,San_Diego_Trough,SC23,828,NA,NA,NA,No,32.781389,-117.550556,7/22/23,no.data,no.data,no.data,no.data,no.data,no.data,no.data,no.data,no.data,no.data,no.data,no.data,no.data,no.data,no.data,no.data,no.data,no.data,no.data,no.data,no.data
DDT.71.1,DDT.71,1,Sample,DNA,MAS2023,SC23-2-D,6_8,>100Km,SD_Trough_Control,Multicore,San_Diego_Trough,San_Diego_Trough,SC23,828,NA,NA,NA,No,32.781389,-117.550556,7/22/23,no.data,no.data,no.data,no.data,no.data,no.data,no.data,no.data,no.data,no.data,no.data,no.data,no.data,no.data,no.data,no.data,no.data,no.data,no.data,no.data,no.data
DDT.72.1,DDT.72,1,Sample,DNA,MAS2023,SC23-3-A,0_2,>100Km,SD_Trough_Control,Multicore,San_Diego_Trough,San_Diego_Trough,SC23,828,NA,NA,NA,No,32.781389,-117.550556,7/22/23,no.data,no.data,no.data,no.data,no.data,no.data,no.data,no.data,no.data,no.data,no.data,no.data,no.data,no.data,no.data,no.data,no.data,no.data,no.data,no.data,no.data
DDT.73.1,DDT.73,1,Sample,DNA,MAS2023,SC23-3-B,2_4,>100Km,SD_Trough_Control,Multicore,San_Diego_Trough,San_Diego_Trough,SC23,828,NA,NA,NA,No,32.781389,-117.550556,7/22/23,no.data,no.data,no.data,no.data,no.data,no.data,no.data,no.data,no.data,no.data,no.data,no.data,no.data,no.data,no.data,no.data,no.data,no.data,no.data,no.data,no.data
DDT.74.1,DDT.74,1,Sample,DNA,MAS2023,SC23-3-C,4_6,>100Km,SD_Trough_Control,Multicore,San_Diego_Trough,San_Diego_Trough,SC23,828,NA,NA,NA,No,32.781389,-117.550556,7/22/23,no.data,no.data,no.data,no.data,no.data,no.data,no.data,no.data,no.data,no.data,no.data,no.data,no.data,no.data,no.data,no.data,no.data,no.data,no.data,no.data,no.data
DDT.75.1,DDT.75,1,Sample,DNA,MAS2023,SC23-3-D,6_8,>100Km,SD_Trough_Control,Multicore,San_Diego_Trough,San_Diego_Trough,SC23,828,NA,NA,NA,No,32.781389,-117.550556,7/22/23,no.data,no.data,no.data,no.data,no.data,no.data,no.data,no.data,no.data,no.data,no.data,no.data,no.data,no.data,no.data,no.data,no.data,no.data,no.data,no.data,no.data
DDT.76.1,DDT.76,1,Sample,DNA,MAS2023,SC23-4-A,0_2,>100Km,SD_Trough_Control,Multicore,San_Diego_Trough,San_Diego_Trough,SC23,828,NA,NA,NA,No,32.781389,-117.550556,7/22/23,no.data,no.data,no.data,no.data,no.data,no.data,no.data,no.data,no.data,no.data,no.data,no.data,no.data,no.data,no.data,no.data,no.data,no.data,no.data,no.data,no.data
DDT.77.1,DDT.77,1,Sample,DNA,MAS2023,SC23-4-B,2_4,>100Km,SD_Trough_Control,Multicore,San_Diego_Trough,San_Diego_Trough,SC23,828,NA,NA,NA,No,32.781389,-117.550556,7/22/23,no.data,no.data,no.data,no.data,no.data,no.data,no.data,no.data,no.data,no.data,no.data,no.data,no.data,no.data,no.data,no.data,no.data,no.data,no.data,no.data,no.data
DDT.78.1,DDT.78,1,Sample,DNA,MAS2023,SC23-4-C,4_6,>100Km,SD_Trough_Control,Multicore,San_Diego_Trough,San_Diego_Trough,SC23,828,NA,NA,NA,No,32.781389,-117.550556,7/22/23,no.data,no.data,no.data,no.data,no.data,no.data,no.data,no.data,no.data,no.data,no.data,no.data,no.data,no.data,no.data,no.data,no.data,no.data,no.data,no.data,no.data
DDT.79.1,DDT.79,1,Sample,DNA,MAS2023,SC23-4-D,6_8,>100Km,SD_Trough_Control,Multicore,San_Diego_Trough,San_Diego_Trough,SC23,828,NA,NA,NA,No,32.781389,-117.550556,7/22/23,no.data,no.data,no.data,no.data,no.data,no.data,no.data,no.data,no.data,no.data,no.data,no.data,no.data,no.data,no.data,no.data,no.data,no.data,no.data,no.data,no.data
DDT.64.2,DDT.64,2,Sample,DNA,MAS2023,SC23-1-A,0_2,>100Km,SD_Trough_Control,Multicore,San_Diego_Trough,San_Diego_Trough,SC23,828,NA,NA,NA,No,32.781389,-117.550556,7/22/23,no.data,no.data,no.data,no.data,no.data,no.data,no.data,no.data,no.data,no.data,no.data,no.data,no.data,no.data,no.data,no.data,no.data,no.data,no.data,no.data,no.data
DDT.65.2,DDT.65,2,Sample,DNA,MAS2023,SC23-1-B,2_4,>100Km,SD_Trough_Control,Multicore,San_Diego_Trough,San_Diego_Trough,SC23,828,NA,NA,NA,No,32.781389,-117.550556,7/22/23,no.data,no.data,no.data,no.data,no.data,no.data,no.data,no.data,no.data,no.data,no.data,no.data,no.data,no.data,no.data,no.data,no.data,no.data,no.data,no.data,no.data
DDT.66.2,DDT.66,2,Sample,DNA,MAS2023,SC23-1-C,4_6,>100Km,SD_Trough_Control,Multicore,San_Diego_Trough,San_Diego_Trough,SC23,828,NA,NA,NA,No,32.781389,-117.550556,7/22/23,no.data,no.data,no.data,no.data,no.data,no.data,no.data,no.data,no.data,no.data,no.data,no.data,no.data,no.data,no.data,no.data,no.data,no.data,no.data,no.data,no.data
DDT.67.2,DDT.67,2,Sample,DNA,MAS2023,SC23-1-D,6_8,>100Km,SD_Trough_Control,Multicore,San_Diego_Trough,San_Diego_Trough,SC23,828,NA,NA,NA,No,32.781389,-117.550556,7/22/23,no.data,no.data,no.data,no.data,no.data,no.data,no.data,no.data,no.data,no.data,no.data,no.data,no.data,no.data,no.data,no.data,no.data,no.data,no.data,no.data,no.data
DDT.68.2,DDT.68,2,Sample,DNA,MAS2023,SC23-2-A,0_2,>100Km,SD_Trough_Control,Multicore,San_Diego_Trough,San_Diego_Trough,SC23,828,NA,NA,NA,No,32.781389,-117.550556,7/22/23,no.data,no.data,no.data,no.data,no.data,no.data,no.data,no.data,no.data,no.data,no.data,no.data,no.data,no.data,no.data,no.data,no.data,no.data,no.data,no.data,no.data
DDT.69.2,DDT.69,2,Sample,DNA,MAS2023,SC23-2-B,2_4,>100Km,SD_Trough_Control,Multicore,San_Diego_Trough,San_Diego_Trough,SC23,828,NA,NA,NA,No,32.781389,-117.550556,7/22/23,no.data,no.data,no.data,no.data,no.data,no.data,no.data,no.data,no.data,no.data,no.data,no.data,no.data,no.data,no.data,no.data,no.data,no.data,no.data,no.data,no.data
DDT.70.2,DDT.70,2,Sample,DNA,MAS2023,SC23-2-C,4_6,>100Km,SD_Trough_Control,Multicore,San_Diego_Trough,San_Diego_Trough,SC23,828,NA,NA,NA,No,32.781389,-117.550556,7/22/23,no.data,no.data,no.data,no.data,no.data,no.data,no.data,no.data,no.data,no.data,no.data,no.data,no.data,no.data,no.data,no.data,no.data,no.data,no.data,no.data,no.data
DDT.71.2,DDT.71,2,Sample,DNA,MAS2023,SC23-2-D,6_8,>100Km,SD_Trough_Control,Multicore,San_Diego_Trough,San_Diego_Trough,SC23,828,NA,NA,NA,No,32.781389,-117.550556,7/22/23,no.data,no.data,no.data,no.data,no.data,no.data,no.data,no.data,no.data,no.data,no.data,no.data,no.data,no.data,no.data,no.data,no.data,no.data,no.data,no.data,no.data
DDT.72.2,DDT.72,2,Sample,DNA,MAS2023,SC23-3-A,0_2,>100Km,SD_Trough_Control,Multicore,San_Diego_Trough,San_Diego_Trough,SC23,828,NA,NA,NA,No,32.781389,-117.550556,7/22/23,no.data,no.data,no.data,no.data,no.data,no.data,no.data,no.data,no.data,no.data,no.data,no.data,no.data,no.data,no.data,no.data,no.data,no.data,no.data,no.data,no.data
DDT.73.2,DDT.73,2,Sample,DNA,MAS2023,SC23-3-B,2_4,>100Km,SD_Trough_Control,Multicore,San_Diego_Trough,San_Diego_Trough,SC23,828,NA,NA,NA,No,32.781389,-117.550556,7/22/23,no.data,no.data,no.data,no.data,no.data,no.data,no.data,no.data,no.data,no.data,no.data,no.data,no.data,no.data,no.data,no.data,no.data,no.data,no.data,no.data,no.data
DDT.74.2,DDT.74,2,Sample,DNA,MAS2023,SC23-3-C,4_6,>100Km,SD_Trough_Control,Multicore,San_Diego_Trough,San_Diego_Trough,SC23,828,NA,NA,NA,No,32.781389,-117.550556,7/22/23,no.data,no.data,no.data,no.data,no.data,no.data,no.data,no.data,no.data,no.data,no.data,no.data,no.data,no.data,no.data,no.data,no.data,no.data,no.data,no.data,no.data
DDT.75.2,DDT.75,2,Sample,DNA,MAS2023,SC23-3-D,6_8,>100Km,SD_Trough_Control,Multicore,San_Diego_Trough,San_Diego_Trough,SC23,828,NA,NA,NA,No,32.781389,-117.550556,7/22/23,no.data,no.data,no.data,no.data,no.data,no.data,no.data,no.data,no.data,no.data,no.data,no.data,no.data,no.data,no.data,no.data,no.data,no.data,no.data,no.data,no.data
DDT.76.2,DDT.76,2,Sample,DNA,MAS2023,SC23-4-A,0_2,>100Km,SD_Trough_Control,Multicore,San_Diego_Trough,San_Diego_Trough,SC23,828,NA,NA,NA,No,32.781389,-117.550556,7/22/23,no.data,no.data,no.data,no.data,no.data,no.data,no.data,no.data,no.data,no.data,no.data,no.data,no.data,no.data,no.data,no.data,no.data,no.data,no.data,no.data,no.data
DDT.77.2,DDT.77,2,Sample,DNA,MAS2023,SC23-4-B,2_4,>100Km,SD_Trough_Control,Multicore,San_Diego_Trough,San_Diego_Trough,SC23,828,NA,NA,NA,No,32.781389,-117.550556,7/22/23,no.data,no.data,no.data,no.data,no.data,no.data,no.data,no.data,no.data,no.data,no.data,no.data,no.data,no.data,no.data,no.data,no.data,no.data,no.data,no.data,no.data
DDT.78.2,DDT.78,2,Sample,DNA,MAS2023,SC23-4-C,4_6,>100Km,SD_Trough_Control,Multicore,San_Diego_Trough,San_Diego_Trough,SC23,828,NA,NA,NA,No,32.781389,-117.550556,7/22/23,no.data,no.data,no.data,no.data,no.data,no.data,no.data,no.data,no.data,no.data,no.data,no.data,no.data,no.data,no.data,no.data,no.data,no.data,no.data,no.data,no.data
DDT.79.2,DDT.79,2,Sample,DNA,MAS2023,SC23-4-D,6_8,>100Km,SD_Trough_Control,Multicore,San_Diego_Trough,San_Diego_Trough,SC23,828,NA,NA,NA,No,32.781389,-117.550556,7/22/23,no.data,no.data,no.data,no.data,no.data,no.data,no.data,no.data,no.data,no.data,no.data,no.data,no.data,no.data,no.data,no.data,no.data,no.data,no.data,no.data,no.data